Work Order,Start Date,Start Time,Duration(hrs),Contract,Type,Location,Addl Loc,Description,Status,Substatus,Project Manager,Flags,End Date,End Time,GR,Suites
108317,12/22/2018,12:00:00 AM,384,INT00001,SITEMNT,STF,,Platform Approval Required,ACTIVE,CONF,Kristy Varga,,1/7/2019,12:00:00 AM,,
108681,12/22/2018,12:00:00 AM,384,INT00001,SITEMNT,BLD,,Platform Approval Required,ACTIVE,CONF,Kristy Varga,,1/7/2019,12:00:00 AM,,
108681,12/22/2018,12:00:00 AM,384,INT00001,SITEMNT,STF,,Platform Approval Required,CANCEL,CONF,Kristy Varga,,1/7/2019,12:00:00 AM,,
108725,2/9/2019,2:00:00 AM,32,AK66005,SETUP,STF,,IGA W ROCHESTER MN DASD Setup,ACTIVE,CONF,Daljeet Singh,,2/10/2019,10:00:00 AM,GR,
108725,2/10/2019,10:00:00 AM,120,CFTVMCL,TEST,STF,BLD IRU,IGA W ROCHESTER MN,ACTIVE,CONF,Daljeet Singh,EBRS,2/15/2019,10:00:00 AM,GR,
108725,2/10/2019,10:00:00 AM,120,AK66005,TEST,STF,,IGA W ROCHESTER MN,ACTIVE,CONF,Daljeet Singh,,2/15/2019,10:00:00 AM,GR,BIRCH
108725,2/15/2019,10:00:00 AM,24,AK66005,BREAKDWN,STF,,IGA W ROCHESTER MN DASD breakdown,ACTIVE,CONF,Daljeet Singh,,2/16/2019,10:00:00 AM,GR,
108725,2/10/2019,9:00:00 AM,120,AK66004,TEST,STF,,IGA W ROCHESTER MN,CANCEL,CONF,Daljeet Singh,EXP,2/15/2019,9:00:00 AM,GR,C-D/S
108725,2/10/2019,9:00:00 AM,120,CFTVMCL,TEST,STF,,IGA W ROCHESTER MN,CANCEL,CONF,Daljeet Singh,EBRS,2/15/2019,9:00:00 AM,GR,
108725,2/10/2019,9:00:00 AM,120,AK66005,TEST,STF,,IGA W ROCHESTER MN,CANCEL,CONF,Daljeet Singh,,2/15/2019,9:00:00 AM,GR,BIRCH
108725,2/10/2019,9:00:00 AM,120,AK66007,TEST,STF,,IGA W ROCHESTER MN,CANCEL,CONF,Daljeet Singh,EXP,2/15/2019,9:00:00 AM,GR,D-D/S
108725,2/10/2019,9:00:00 AM,120,AK66008,TEST,STF,,IGA W ROCHESTER MN,CANCEL,CONF,Daljeet Singh,,2/15/2019,9:00:00 AM,GR,ASH
108725,2/10/2019,9:00:00 AM,120,CFTT6KG,TEST,STF,,IGA W ROCHESTER MN,CANCEL,CONF,Daljeet Singh,EXP,2/15/2019,9:00:00 AM,GR,
108725,2/10/2019,10:00:00 AM,120,AK66008,TEST,STF,,IGA W ROCHESTER MN,CANCEL,CONF,Daljeet Singh,,2/15/2019,10:00:00 AM,GR,ASH
108731,12/22/2018,8:00:00 AM,384,INT00001,SITEMNT,RTP,,Platform Approval Required,ACTIVE,CONF,Kristy Varga,,1/7/2019,8:00:00 AM,,
108731,12/22/2018,12:00:00 AM,384,INT00001,SITEMNT,RTP,,Platform Approval Required,CANCEL,CONF,Kristy Varga,,1/7/2019,12:00:00 AM,,
108764,7/18/2019,7:00:00 AM,96,CFTK8TQ,SETUP,BLD,,BLUE CROSS AND BLUE SHIELD OF CS Setup,CANCEL,CONF,Virupaksheswara Ramapragada,,7/22/2019,7:00:00 AM,,
108764,7/20/2019,11:00:00 PM,32,CFTK8SQ,SETUP,BLD,,BLUE CROSS AND BLUE SHIELD OF Native set,CANCEL,CONF,Virupaksheswara Ramapragada,,7/22/2019,7:00:00 AM,,ASPEN OFFICE-225
108764,7/22/2019,7:00:00 AM,72,CFTK8SQ,TEST,BLD,,BLUE CROSS AND BLUE SHIELD OF,CANCEL,CONF,Virupaksheswara Ramapragada,,7/25/2019,7:00:00 AM,,ASPEN OFFICE-226
108764,7/22/2019,7:00:00 AM,72,CFTK87Q,TEST,BLD,,BLUE CROSS AND BLUE SHIELD OF,CANCEL,CONF,Virupaksheswara Ramapragada,,7/25/2019,7:00:00 AM,,BEAVER_CREEK
108764,7/22/2019,7:00:00 AM,72,CFTL11Q,TEST,BLD,,BLUE CROSS AND BLUE SHIELD OF,CANCEL,CONF,Virupaksheswara Ramapragada,EBRS,7/25/2019,7:00:00 AM,,
108764,7/22/2019,7:00:00 AM,72,CFTK8TQ,TEST,BLD,,BLUE CROSS AND BLUE SHIELD OF,CANCEL,CONF,Virupaksheswara Ramapragada,,7/25/2019,7:00:00 AM,,VAIL
108764,7/22/2019,7:00:00 AM,72,CFTLNLQ,TEST,BLD,,BLUE CROSS AND BLUE SHIELD OF,CANCEL,CONF,Virupaksheswara Ramapragada,,7/25/2019,7:00:00 AM,,
108764,7/22/2019,7:00:00 AM,72,CFTDNTR,TEST,BLD,,BLUE CROSS AND BLUE SHIELD OF,CANCEL,CONF,Virupaksheswara Ramapragada,,7/25/2019,7:00:00 AM,,
108764,7/24/2019,9:00:00 AM,8,CFTSQKH,TEST,STF,BLD IRU RTP,BLUE CROSS & BLUE SHIELD,CANCEL,CONF,Virupaksheswara Ramapragada,EXP,7/24/2019,5:00:00 PM,,
109286,1/1/2019,8:00:00 AM,24,INTSTF01,SITEMNT,STF,,Site hold,ACTIVE,CONF,Kristy Varga,,1/2/2019,8:00:00 AM,,
109286,4/19/2019,8:00:00 AM,62,INTSTF01,SITEMNT,STF,,Site Hold,ACTIVE,CONF,Kristy Varga,,4/21/2019,10:00:00 PM,,
109286,5/11/2019,8:00:00 AM,48,INTSTF01,SITEMNT,STF,,Site Hold,ACTIVE,CONF,Kristy Varga,,5/13/2019,8:00:00 AM,,
109286,5/25/2019,12:00:00 AM,72,INTSTF01,SITEMNT,STF,,Site Hold,ACTIVE,CONF,Kristy Varga,,5/28/2019,12:00:00 AM,,
109286,6/15/2019,12:00:00 AM,48,INTSTF01,SITEMNT,STF,,Site Hold,ACTIVE,CONF,Kristy Varga,,6/17/2019,12:00:00 AM,,
109286,7/4/2019,12:00:00 AM,96,INTSTF01,SITEMNT,STF,,Site Hold,ACTIVE,CONF,Kristy Varga,,7/8/2019,12:00:00 AM,,
109286,8/31/2019,12:00:00 AM,72,INTSTF01,SITEMNT,STF,,Site Hold,ACTIVE,CONF,Kristy Varga,,9/3/2019,12:00:00 AM,,
109286,11/27/2019,12:00:00 AM,120,INTSTF01,SITEMNT,STF,,Site Hold,ACTIVE,CONF,Kristy Varga,,12/2/2019,12:00:00 AM,,
109286,12/23/2019,12:00:00 AM,216,INTSTF01,SITEMNT,STF,,site hold,ACTIVE,CONF,Kristy Varga,,1/1/2020,12:00:00 AM,,
109433,2/6/2019,2:00:00 PM,4,CFTVMCL,TEST,STF,BLD IRU,IGA W ROCHESTER MN,ACTIVE,CONF,Daljeet Singh,EBRS,2/6/2019,6:00:00 PM,GR,KATSURA
109504,2/19/2019,8:00:00 AM,48,CFTLKXF,TEST,BLD,,AK STEEL CORP,CANCEL,CONF,Bonda Madhusudana Rao,EBRS,2/21/2019,8:00:00 AM,,ASPEN
109504,2/19/2019,8:00:00 AM,48,CFTLKYF,TEST,BLD,,AK STEEL CORP,CANCEL,CONF,Bonda Madhusudana Rao,,2/21/2019,8:00:00 AM,,BEAVER_CREEK
109504,3/12/2019,8:00:00 AM,48,CFTLKYF,TEST,BLD,,AK STEEL CORP,CANCEL,CONF,Bonda Madhusudana Rao,,3/14/2019,8:00:00 AM,,STEAMBOAT
109504,3/12/2019,8:00:00 AM,48,CFTLKXF,TEST,BLD,,AK STEEL CORP,CANCEL,CONF,Bonda Madhusudana Rao,EBRS,3/14/2019,8:00:00 AM,,OFFICE-229 STEAMBOAT
109504,4/1/2019,2:00:00 AM,32,CFTLKXF,SETUP,BLD,STF,AK STEEL CORP Shark set-up,CANCEL,WIP,Bonda Madhusudana Rao,,4/2/2019,10:00:00 AM,,
109504,4/2/2019,10:00:00 AM,48,CFTLKXF,TEST,BLD,STF,AK STEEL CORP,CANCEL,WIP,Bonda Madhusudana Rao,,4/4/2019,10:00:00 AM,,
109504,4/2/2019,10:00:00 AM,48,CFTLKYF,TEST,BLD,STF,AK STEEL CORP,CANCEL,WIP,Bonda Madhusudana Rao,,4/4/2019,10:00:00 AM,,
109504,4/2/2019,10:00:00 AM,48,CFTLKXF,TEST,BLD,STF,AK STEEL CORP,CANCEL,WIP,Bonda Madhusudana Rao,,4/4/2019,10:00:00 AM,,
109504,4/4/2019,10:00:00 AM,24,CFTLKXF,SETUP,BLD,STF,AK STEEL CORP Shark brk dwn,CANCEL,WIP,Bonda Madhusudana Rao,,4/5/2019,10:00:00 AM,,
109504,5/28/2019,8:00:00 AM,48,CFTLKXF,TEST,BLD,,AK STEEL CORP,CANCEL,PEND,Bonda Madhusudana Rao,EBRS,5/30/2019,8:00:00 AM,,OFFICE-227 STEAMBOAT
109504,5/28/2019,8:00:00 AM,48,CFTLKYF,TEST,BLD,,AK STEEL CORP,CANCEL,PEND,Bonda Madhusudana Rao,,5/30/2019,8:00:00 AM,,STEAMBOAT
109577,2/11/2019,8:00:00 AM,120,CFTQ11G,TEST,RTP,,IGA LATIN AMERICA,ACTIVE,CONF,Noor Mohammed,,2/16/2019,8:00:00 AM,GR,KILL_DEVIL_HILLS
109615,9/27/2018,9:00:00 AM,"2,296",INTBLD01,MAINT,BLD,,Hold on all ROP resources,ACTIVE,CONF,Kristy Varga,,1/1/2019,12:00:00 AM,,
109615,11/26/2018,9:00:00 AM,"1,000",INTBLD01,MAINT,BLD,,I series hold Dan Shea,ACTIVE,CONF,Kristy Varga,,1/7/2019,1:00:00 AM,,
109615,12/12/2018,8:00:00 AM,"1,209",INTBLD01,MAINT,BLD,,XIV hold,ACTIVE,CONF,Kristy Varga,,1/31/2019,5:00:00 PM,,
109615,1/30/2019,9:00:00 AM,"1,080",INTBLD01,MAINT,BLD,,KS DASD HOLD,ACTIVE,CONF,Kristy Varga,,3/16/2019,10:00:00 AM,,
109615,5/19/2019,6:00:00 AM,112,INTBLD01,MAINT,BLD,,Intel hold,ACTIVE,CONF,Kristy Varga,,5/23/2019,10:00:00 PM,,
109681,6/10/2019,4:00:00 PM,16,CFTRFQC,SETUP,BLD,,PACIFIC SUNWEAR OF CALIFORNIA INC Lpar,ACTIVE,CONF,ASHOK P KRISHNA MURTHY,,6/11/2019,8:00:00 AM,GR,ELDORA
109681,6/10/2019,4:00:00 PM,16,CFTJ5YL,SETUP,BLD,,PACIFIC SUNWEAR OF CALIFORNIA INC C/S &,ACTIVE,CONF,ASHOK P KRISHNA MURTHY,,6/11/2019,8:00:00 AM,GR,ELDORA
109681,6/11/2019,8:00:00 AM,72,CFTRFQC,TEST,BLD,,PACIFIC SUNWEAR OF CALIFORNIA INC,ACTIVE,CONF,ASHOK P KRISHNA MURTHY,,6/14/2019,8:00:00 AM,GR,ELDORA
109681,6/11/2019,8:00:00 AM,72,CFTJ5YL,TEST,BLD,,PACIFIC SUNWEAR OF CALIFORNIA INC,ACTIVE,CONF,ASHOK P KRISHNA MURTHY,,6/14/2019,8:00:00 AM,GR,ELDORA
109681,6/11/2019,8:00:00 AM,72,BF34213,TEST,BLD,,PACIFIC SUNWEAR OF CALIFORNIA INC,ACTIVE,CONF,ASHOK P KRISHNA MURTHY,EBRS,6/14/2019,8:00:00 AM,GR,
109681,6/11/2019,8:00:00 AM,72,CFT2NVD,TEST,BLD,,PACIFIC SUNWEAR OF CALIFORNIA INC,ACTIVE,CONF,ASHOK P KRISHNA MURTHY,,6/14/2019,8:00:00 AM,GR,
109681,6/14/2019,8:00:00 AM,8,CFTRFQC,SETUP,BLD,,PACIFIC SUNWEAR OF CALIFORNIA INC Lpar,ACTIVE,CONF,ASHOK P KRISHNA MURTHY,,6/14/2019,4:00:00 PM,GR,ELDORA
109681,6/11/2019,8:00:00 AM,72,CFTRFWC,TEST,BLD,,PACIFIC SUNWEAR OF CALIFORNIA INC,CANCEL,CONF,ASHOK P KRISHNA MURTHY,,6/14/2019,8:00:00 AM,GR,ELDORA
109775,6/3/2019,8:00:00 PM,80,CFTZ82D,TEST,BLD,,ELI LILLY & CO,CANCEL,PEND,MANIKANTAN NAMASIVAYAM VEERA,EBRS,6/7/2019,4:00:00 AM,,VAIL
109792,2/24/2019,4:00:00 PM,8,CFTXP0R,SETUP,STF,,HONEYWELL INTERNATIONAL INC LPAR Setup -,ACTIVE,CONF,Udaya Rajanna,,2/25/2019,12:00:00 AM,GR,D-D/S
109792,2/25/2019,12:00:00 AM,72,CFTXP0R,TEST,STF,,HONEYWELL INTERNATIONAL INC,ACTIVE,CONF,Udaya Rajanna,,2/28/2019,12:00:00 AM,GR,D-D/S MERCURY
109792,2/28/2019,12:00:00 AM,8,CFTXP0R,BREAKDWN,STF,,HONEYWELL INTERNATIONAL INC LPAR brkdwn,ACTIVE,CONF,Udaya Rajanna,,2/28/2019,8:00:00 AM,GR,D-D/S
109792,2/25/2019,8:00:00 AM,72,CFTXP0R,TEST,STF,,HONEYWELL INTERNATIONAL INC,CANCEL,CONF,Udaya Rajanna,,2/28/2019,8:00:00 AM,GR,D-D/S MERCURY
109819,3/18/2019,12:00:00 AM,8,CFTDBYS,SETUP,STF,,IGA PLM SAIL CS/VDI setup -,ACTIVE,CONF,Daljeet Singh,,3/18/2019,8:00:00 AM,GR,
109819,3/18/2019,8:00:00 AM,120,CFTDBYS,TEST,STF,IRU,IGA PLM SAIL,ACTIVE,CONF,Daljeet Singh,,3/23/2019,8:00:00 AM,GR,PINE
109819,3/18/2019,12:00:00 AM,8,CFT67TQ,SETUP,STF,,IGA IPD SAIL CS/VDI setup -,CANCEL,CONF,Daljeet Singh,EXP,3/18/2019,8:00:00 AM,GR,
109819,3/18/2019,8:00:00 AM,120,CFT67TQ,TEST,STF,IRU,IGA IPD SAIL,CANCEL,CONF,Daljeet Singh,EXP,3/23/2019,8:00:00 AM,GR,PINE
109834,3/4/2019,8:00:00 AM,72,CFTYAMC,TEST,STF,,IGA GLOBAL IMAGE,ACTIVE,CONF,Daljeet Singh,,3/7/2019,8:00:00 AM,GR,MAPLE
109834,3/4/2019,8:00:00 AM,72,CFTK6YK,TEST,STF,,IGA GENERAL LEDGER,ACTIVE,CONF,Daljeet Singh,XSITE,3/7/2019,8:00:00 AM,GR,MAPLE
109870,1/22/2019,8:00:00 AM,48,AK63301,TEST,STF,,IGA STORAGE PRODUCTS,ACTIVE,CONF,Noor Mohammed,EXP,1/24/2019,8:00:00 AM,GR,D
109870,1/15/2019,8:00:00 AM,96,AK63301,TEST,STF,,IGA STORAGE PRODUCTS,CANCEL,WIP,Noor Mohammed,EXP,1/19/2019,8:00:00 AM,GR,D
109870,1/22/2019,8:00:00 AM,48,AK63301,TEST,STF,,IGA STORAGE PRODUCTS,CANCEL,PEND,Noor Mohammed,EXP,1/24/2019,8:00:00 AM,GR,D
109871,10/19/2019,10:00:00 PM,32,CFTP45F,SETUP,STF,,MEDSTAR HEALTH INC dasd setup,ACTIVE,CONF,Muralidhar R Reddy,,10/21/2019,6:00:00 AM,GR,
109871,10/20/2019,6:00:00 AM,24,CFTP46F,SETUP,STF,,MEDSTAR HEALTH INC Blade/CS setup -,ACTIVE,CONF,Muralidhar R Reddy,,10/21/2019,6:00:00 AM,GR,CHESTNUT
109871,10/21/2019,6:00:00 AM,70,CFTRT9M,TEST,STF,,MEDSTAR HEALTH INC,ACTIVE,CONF,Muralidhar R Reddy,EBRS,10/24/2019,4:00:00 AM,GR,
109871,10/21/2019,6:00:00 AM,70,CFTP46F,TEST,STF,,MEDSTAR HEALTH INC,ACTIVE,CONF,Muralidhar R Reddy,,10/24/2019,4:00:00 AM,GR,CHESTNUT
109871,10/21/2019,6:00:00 AM,70,CFTP41F,TEST,STF,,MEDSTAR HEALTH INC,ACTIVE,CONF,Muralidhar R Reddy,,10/24/2019,4:00:00 AM,GR,CHESTNUT
109871,10/21/2019,6:00:00 AM,70,CFTP45F,TEST,STF,,MEDSTAR HEALTH INC,ACTIVE,CONF,Muralidhar R Reddy,,10/24/2019,4:00:00 AM,GR,
109871,10/24/2019,4:00:00 AM,24,CFTP45F,BREAKDWN,STF,,MEDSTAR HEALTH INC dasd brkdwn,ACTIVE,CONF,Muralidhar R Reddy,,10/25/2019,4:00:00 AM,GR,
109871,10/21/2019,6:00:00 AM,70,CFTP5BF,TEST,STF,,MEDSTAR HEALTH INC RECOVERY ONLY contrac,CANCEL,CONF,Muralidhar R Reddy,EBRS,10/24/2019,4:00:00 AM,GR,
109875,2/6/2019,8:00:00 AM,"1,655",2J26516,QATEST,BLD,,INTERNATIONAL BUSINESS MACHINES,ACTIVE,CONF,Noor Mohammed,,4/16/2019,8:00:00 AM,GR,
109875,2/6/2019,8:00:00 AM,"1,535",2J26516,PARTTEST,BLD,,INTERNATIONAL BUSINESS MACHINES SVCDisk,ACTIVE,CONF,Noor Mohammed,,4/11/2019,8:00:00 AM,GR,
109875,2/6/2019,8:00:00 AM,"1,655",CFTK6YK,QATEST,BLD,,IGA GENERAL LEDGER,ACTIVE,CONF,Noor Mohammed,XSITE,4/16/2019,8:00:00 AM,GR,
109875,2/6/2019,8:00:00 AM,"1,463",CFTK6YK,PARTTEST,BLD,,IGA GENERAL LEDGER 3584j not available f,ACTIVE,CONF,Noor Mohammed,XSITE,4/8/2019,8:00:00 AM,GR,
109875,1/8/2019,8:00:00 AM,"2,014",2J26516,QATEST,BLD,,INTERNATIONAL BUSINESS MACHINES,CANCEL,CONF,Noor Mohammed,,4/2/2019,7:00:00 AM,GR,CRESTED_BUTTE
109875,1/8/2019,8:00:00 AM,"2,014",CFTK6YK,SETUP,BLD,,IGA GENERAL LEDGER,CANCEL,WIP,Noor Mohammed,XSITE EXP,4/2/2019,7:00:00 AM,GR,
109875,1/8/2019,8:00:00 AM,"2,014",CFTK6YK,QATEST,BLD,,IGA GENERAL LEDGER,CANCEL,CONF,Noor Mohammed,XSITE,4/2/2019,7:00:00 AM,GR,
109875,2/6/2019,8:00:00 AM,"1,318",2J26516,QATEST,BLD,,INTERNATIONAL BUSINESS MACHINES,CANCEL,CONF,Noor Mohammed,,4/2/2019,7:00:00 AM,GR,CRESTED_BUTTE
109875,2/6/2019,8:00:00 AM,"1,318",CFTK6YK,QATEST,BLD,,IGA GENERAL LEDGER,CANCEL,CONF,Noor Mohammed,XSITE,4/2/2019,7:00:00 AM,GR,
109875,4/2/2020,7:00:00 AM,24,2J26516,BREAKDWN,BLD,,INTERNATIONAL BUSINESS MACHINES Brkdwn,CANCEL,CONF,Noor Mohammed,,4/3/2020,7:00:00 AM,GR,CRESTED_BUTTE
109893,4/5/2019,12:00:00 AM,12,AH22704,TEST,BLD,,FIRST STATE BANK,ACTIVE,CONF,MANIKANTAN NAMASIVAYAM VEERA,EBRS,4/5/2019,12:00:00 PM,GR,BRECKENRIDGE NCA2
109900,2/4/2019,8:00:00 AM,48,CFTL53R,TEST,BLD,IRU LAN,LERETA LLC,ACTIVE,CONF,Kaustab Dastidar,EBRS,2/6/2019,8:00:00 AM,GR,ELDORA OFFICE-227
109907,6/12/2019,12:00:00 AM,32,CFTLYNQ,SETUP,STF,,INFOR US INC Native setup,ACTIVE,CONF,MANIKANTAN NAMASIVAYAM VEERA,,6/13/2019,8:00:00 AM,GR,A
109907,6/13/2019,8:00:00 AM,24,CFTLYNQ,TEST,STF,,INFOR US INC,ACTIVE,CONF,MANIKANTAN NAMASIVAYAM VEERA,EBRS,6/14/2019,8:00:00 AM,GR,A
109918,3/17/2019,4:00:00 AM,32,CFTBJVP,SETUP,STF,,GERBER LIFE INSURANCE CO Shark set-up,ACTIVE,CONF,Virupaksheswara Ramapragada,,3/18/2019,12:00:00 PM,GR,
109918,3/18/2019,12:00:00 PM,60,CFTBJVP,TEST,STF,,GERBER LIFE INSURANCE CO,ACTIVE,CONF,Virupaksheswara Ramapragada,EBRS,3/21/2019,12:00:00 AM,GR,A
109918,3/21/2019,12:00:00 AM,24,CFTBJVP,SETUP,STF,,GERBER LIFE INSURANCE CO Shark Brk dwn,ACTIVE,CONF,Virupaksheswara Ramapragada,,3/22/2019,12:00:00 AM,GR,
109921,1/9/2019,12:00:00 AM,8,CFTCV8F,SETUP,BLD,,CONSTELLATION BRANDS INC LPAR Setup -,ACTIVE,CONF,Bonda Madhusudana Rao,,1/9/2019,8:00:00 AM,GR,BEAVER_CREEK
109921,1/9/2019,8:00:00 AM,48,CFTC9VF,TEST,BLD,,CONSTELLATION BRANDS INC,ACTIVE,CONF,Bonda Madhusudana Rao,EBRS,1/11/2019,8:00:00 AM,GR,
109921,1/9/2019,8:00:00 AM,48,CFTCV8F,TEST,BLD,,CONSTELLATION BRANDS INC,ACTIVE,CONF,Bonda Madhusudana Rao,,1/11/2019,8:00:00 AM,GR,BEAVER_CREEK
109921,1/11/2019,8:00:00 AM,8,CFTCV8F,BREAKDWN,BLD,,CONSTELLATION BRANDS INC LPAR brkdwn -,ACTIVE,CONF,Bonda Madhusudana Rao,,1/11/2019,4:00:00 PM,GR,BEAVER_CREEK
109937,1/28/2019,8:00:00 AM,120,R31417,TEST,RTP,,IGA TRI-STATE,CANCEL,PEND,Daljeet Singh,EXP,2/2/2019,8:00:00 AM,GR,
109943,4/14/2019,4:00:00 PM,8,CFTVV1F,SETUP,STF,,PASSUMPSIC SAVINGS BANK LPAR Setup,ACTIVE,CONF,Udaya Rajanna,,4/15/2019,12:00:00 AM,GR,CHESTNUT
109943,4/15/2019,12:00:00 AM,24,CFTVV1F,TEST,STF,,PASSUMPSIC SAVINGS BANK,ACTIVE,CONF,Udaya Rajanna,,4/16/2019,12:00:00 AM,GR,CHESTNUT
109943,4/15/2019,12:00:00 AM,24,CFTVV2F,TEST,STF,,PASSUMPSIC SAVINGS BANK,ACTIVE,CONF,Udaya Rajanna,EBRS,4/16/2019,12:00:00 AM,GR,
109943,4/16/2019,12:00:00 AM,8,CFTVV1F,BREAKDWN,STF,,PASSUMPSIC SAVINGS BANK LPAR Brkdwn,ACTIVE,CONF,Udaya Rajanna,,4/16/2019,8:00:00 AM,GR,CHESTNUT
109945,3/20/2019,1:00:00 PM,18,CFT2LGC,SETUP,BLD,,GREAT WEST CASUALTY CO CS/Blade setup -,ACTIVE,CONF,ASHOK P KRISHNA MURTHY,,3/21/2019,7:00:00 AM,GR,SNOWMASS
109945,3/21/2019,7:00:00 AM,16,CFT2LGC,TEST,BLD,,GREAT WEST CASUALTY CO,ACTIVE,CONF,ASHOK P KRISHNA MURTHY,,3/21/2019,11:00:00 PM,GR,VAIL
109945,3/21/2019,7:00:00 AM,16,CFT2KWC,TEST,BLD,,GREAT WEST CASUALTY CO,ACTIVE,CONF,ASHOK P KRISHNA MURTHY,EBRS,3/21/2019,11:00:00 PM,GR,
109945,3/21/2019,7:00:00 AM,16,CFT87TC,TEST,BLD,,GREAT WEST CASUALTY CO,ACTIVE,CONF,ASHOK P KRISHNA MURTHY,,3/21/2019,11:00:00 PM,GR,
109945,3/21/2019,7:00:00 AM,16,CFTDKYR,TEST,BLD,,GREAT WEST CASUALTY CO,ACTIVE,CONF,ASHOK P KRISHNA MURTHY,,3/21/2019,11:00:00 PM,GR,SNOWMASS
109945,3/21/2019,7:00:00 AM,16,CFT0C9D,OTHERSVC,BLD,,GREAT WEST CASUALTY CO,ACTIVE,CONF,ASHOK P KRISHNA MURTHY,,3/21/2019,11:00:00 PM,GR,
109945,3/21/2019,7:00:00 AM,16,CFT2K4C,TEST,BLD,,GREAT WEST CASUALTY CO,CANCEL,CONF,ASHOK P KRISHNA MURTHY,,3/21/2019,11:00:00 PM,GR,VAIL
109948,7/17/2019,8:00:00 AM,48,5J04001,TEST,BLD,,FULLBEAUTY BRANDS,ACTIVE,CONF,Ajas Abdulsalam,EBRS,7/19/2019,8:00:00 AM,GR,ELDORA
109952,3/20/2019,8:00:00 AM,4,CFTLK6R,NETTEST,BLD,CHI IRU,HARBOR CAPITAL ADVISORS INC,CANCEL,PEND,Bonda Madhusudana Rao,EBRS,3/20/2019,12:00:00 PM,,
109952,3/20/2019,9:00:00 AM,4,CFTCXXN,NETTEST,CHI,BLD IRU,HARBOR CAPITAL ADVISORS INC,CANCEL,PEND,Bonda Madhusudana Rao,EBRS ACD,3/20/2019,1:00:00 PM,,EUS(LS)3010 EUS(WGR)3008
109973,2/19/2019,12:00:00 AM,8,CFT71SF,SETUP,BLD,,BEACON HEALTH OPTIONS INC LPAR Setup,ACTIVE,CONF,MANIKANTAN NAMASIVAYAM VEERA,,2/19/2019,8:00:00 AM,GR,ASPEN VAIL
109973,2/26/2019,8:00:00 AM,72,CFTGFPL,TEST,BLD,,BEACON HEALTH OPTIONS INC,ACTIVE,CONF,MANIKANTAN NAMASIVAYAM VEERA,,3/1/2019,8:00:00 AM,GR,VAIL
109973,2/26/2019,8:00:00 AM,72,CFT71SF,TEST,BLD,,BEACON HEALTH OPTIONS INC,ACTIVE,CONF,MANIKANTAN NAMASIVAYAM VEERA,,3/1/2019,8:00:00 AM,GR,ASPEN VAIL
109973,2/26/2019,8:00:00 AM,72,CFTRX2N,TEST,BLD,,BEACON HEALTH OPTIONS INC,ACTIVE,CONF,MANIKANTAN NAMASIVAYAM VEERA,,3/1/2019,8:00:00 AM,GR,ASPEN VAIL
109973,2/26/2019,8:00:00 AM,72,CFT90JF,TEST,BLD,IRU RTP,BEACON HEALTH OPTIONS INC,ACTIVE,CONF,MANIKANTAN NAMASIVAYAM VEERA,EBRS,3/1/2019,8:00:00 AM,GR,
109973,3/1/2019,8:00:00 AM,8,CFT71SF,BREAKDWN,BLD,,BEACON HEALTH OPTIONS INC LPAR Brkdwn,ACTIVE,CONF,MANIKANTAN NAMASIVAYAM VEERA,,3/1/2019,4:00:00 PM,GR,ASPEN VAIL
109973,2/19/2019,8:00:00 AM,72,CFT90JF,TEST,BLD,IRU RTP,BEACON HEALTH OPTIONS INC,CANCEL,CONF,MANIKANTAN NAMASIVAYAM VEERA,EBRS,2/22/2019,8:00:00 AM,GR,
109973,2/19/2019,8:00:00 AM,72,CFT71SF,TEST,BLD,,BEACON HEALTH OPTIONS INC,CANCEL,CONF,MANIKANTAN NAMASIVAYAM VEERA,,2/22/2019,8:00:00 AM,GR,COPPER
109973,2/19/2019,8:00:00 AM,72,CFTRX2N,TEST,BLD,,BEACON HEALTH OPTIONS INC,CANCEL,CONF,MANIKANTAN NAMASIVAYAM VEERA,,2/22/2019,8:00:00 AM,GR,
109973,2/19/2019,8:00:00 AM,72,CFTGFPL,TEST,BLD,,BEACON HEALTH OPTIONS INC,CANCEL,CONF,MANIKANTAN NAMASIVAYAM VEERA,,2/22/2019,8:00:00 AM,GR,COPPER
109973,2/22/2019,8:00:00 AM,8,CFT71SF,BREAKDWN,BLD,,BEACON HEALTH OPTIONS INC LPAR Brkdwn,CANCEL,CONF,MANIKANTAN NAMASIVAYAM VEERA,,2/22/2019,4:00:00 PM,GR,COPPER
109976,7/16/2019,4:00:00 PM,40,CFTT8CR,TEST,BLD,,COGNIZANT TECHNOLOGY SOLUTIONS US,ACTIVE,CONF,JATINDRA DASH,EBRS,7/18/2019,8:00:00 AM,GR,OFFICE-231 STEAMBOAT
109976,5/14/2019,2:00:00 PM,40,CFTT8CR,TEST,BLD,,COGNIZANT TECHNOLOGY SOLUTIONS US,CANCEL,PEND,JATINDRA DASH,EBRS,5/16/2019,6:00:00 AM,GR,OFFICE-231 STEAMBOAT
109978,12/9/2019,8:00:00 AM,24,CFT0T8R,OTHERSVC,BLD,,NATIONAL INDEMNITY CO MCS RR,ACTIVE,CONF,MANIKANTAN NAMASIVAYAM VEERA,,12/10/2019,8:00:00 AM,GR,
109978,12/9/2019,8:00:00 AM,24,CFT690R,TEST,BLD,IRU,NATIONAL INDEMNITY CO,ACTIVE,CONF,MANIKANTAN NAMASIVAYAM VEERA,,12/10/2019,8:00:00 AM,GR,BRECKENRIDGE
109990,10/13/2019,2:00:00 PM,16,CFTFHBN,SETUP,BLD,,CITGO PETROLEUM CORP C/S set-up,ACTIVE,CONF,MANIKANTAN NAMASIVAYAM VEERA,,10/14/2019,6:00:00 AM,GR,BRECKENRIDGE
109990,10/14/2019,6:00:00 AM,108,CFTFHBN,TEST,BLD,,CITGO PETROLEUM CORP,ACTIVE,CONF,MANIKANTAN NAMASIVAYAM VEERA,,10/18/2019,6:00:00 PM,GR,BRECKENRIDGE
109990,10/14/2019,6:00:00 AM,108,CFTDY0N,TEST,BLD,,CITGO PETROLEUM CORP,ACTIVE,CONF,MANIKANTAN NAMASIVAYAM VEERA,EBRS,10/18/2019,6:00:00 PM,GR,BRECKENRIDGE
109998,3/20/2019,8:00:00 AM,4,CFTLK6R,NETTEST,BLD,CHI IRU,HARBOR CAPITAL ADVISORS INC,ACTIVE,CONF,Bonda Madhusudana Rao,EBRS,3/20/2019,12:00:00 PM,GR,ENDUSER_26S
109998,3/20/2019,9:00:00 AM,4,CFTCXXN,NETTEST,CHI,BLD IRU,HARBOR CAPITAL ADVISORS INC,ACTIVE,CONF,Bonda Madhusudana Rao,EBRS ACD,3/20/2019,1:00:00 PM,GR,EUS(WGR)3008 EUS(WGR)3009
109999,3/21/2019,8:00:00 AM,24,CFTLK6R,SETUP,BLD,IRU,HARBOR CAPITAL ADVISORS INC VDI set-up,ACTIVE,CONF,Bonda Madhusudana Rao,,3/22/2019,8:00:00 AM,GR,ENDUSER_26S
109999,3/22/2019,6:00:00 AM,12,CFTCXXN,TEST,CHI,BLD IRU,HARBOR CAPITAL ADVISORS INC,ACTIVE,CONF,Bonda Madhusudana Rao,EBRS ACD,3/22/2019,6:00:00 PM,GR,EUS(WGR)3008 EUS(WGR)3009
109999,3/22/2019,7:00:00 AM,12,CFTLK6R,TEST,BLD,CHI IRU,HARBOR CAPITAL ADVISORS INC,ACTIVE,CONF,Bonda Madhusudana Rao,EBRS,3/22/2019,7:00:00 PM,GR,ENDUSER_26S
109999,3/22/2019,8:00:00 AM,12,CFTLK6R,TEST,BLD,CHI IRU,HARBOR CAPITAL ADVISORS INC,CANCEL,CONF,Bonda Madhusudana Rao,EBRS,3/22/2019,8:00:00 PM,GR,ENDUSER_26S
109999,3/22/2019,9:00:00 AM,12,CFTCXXN,TEST,CHI,BLD IRU,HARBOR CAPITAL ADVISORS INC,CANCEL,CONF,Bonda Madhusudana Rao,EBRS ACD,3/22/2019,9:00:00 PM,GR,EUS(WGR)3008 EUS(WGR)3009
110007,6/4/2019,12:00:00 AM,32,CFT64JQ,SETUP,STF,,BELK ADMINISTRATION CO Shark set-up,ACTIVE,CONF,Muralidhar R Reddy,,6/5/2019,8:00:00 AM,GR,
110007,6/5/2019,8:00:00 AM,48,CFT64JQ,TEST,STF,,BELK ADMINISTRATION CO,ACTIVE,CONF,Muralidhar R Reddy,,6/7/2019,8:00:00 AM,GR,C
110007,6/7/2019,8:00:00 AM,24,CFT64JQ,SETUP,STF,,BELK ADMINISTRATION CO Shark brk dwn,ACTIVE,CONF,Muralidhar R Reddy,,6/8/2019,8:00:00 AM,GR,
110008,6/10/2019,7:00:00 PM,12,CFTJPTC,SETUP,BLD,,GENERAL BOARD OF PENSIONS METHODIST CS S,ACTIVE,CONF,JATINDRA DASH,,6/11/2019,7:00:00 AM,GR,SNOWMASS
110008,6/11/2019,7:00:00 AM,64,CFTJPSC,TEST,BLD,CHI IRU,GENERAL BOARD OF PENSIONS METHODIST,ACTIVE,CONF,JATINDRA DASH,EBRS,6/13/2019,11:00:00 PM,GR,
110008,6/11/2019,7:00:00 AM,64,CFTJPTC,TEST,BLD,,GENERAL BOARD OF PENSIONS METHODIST,ACTIVE,CONF,JATINDRA DASH,,6/13/2019,11:00:00 PM,GR,SNOWMASS
110008,6/11/2019,8:00:00 AM,64,CFTJPVC,TEST,CHI,BLD IRU,GENERAL BOARD OF PENSIONS METHODIST,ACTIVE,CONF,JATINDRA DASH,EBRS,6/14/2019,12:00:00 AM,GR,
110009,7/26/2019,8:00:00 AM,24,CFTJNYC,SETUP,BLD,,ARKANSAS MUNICIPAL LEAGUE cs setup-,ACTIVE,CONF,JATINDRA DASH,,7/27/2019,8:00:00 AM,GR,ELDORA
110009,7/27/2019,8:00:00 AM,36,CFTJNYC,TEST,BLD,,ARKANSAS MUNICIPAL LEAGUE,ACTIVE,CONF,JATINDRA DASH,EBRS,7/28/2019,8:00:00 PM,GR,ELDORA
110013,8/11/2019,12:00:00 AM,32,CFT9KBM,SETUP,STF,,IBM CORP DASD setup -,ACTIVE,CONF,Noor Mohammed,,8/12/2019,8:00:00 AM,GR,
110013,8/12/2019,8:00:00 AM,120,CFT9KBM,TEST,STF,,IBM CORP,ACTIVE,CONF,Noor Mohammed,,8/17/2019,8:00:00 AM,GR,D
110013,8/17/2019,8:00:00 AM,24,CFT9KBM,BREAKDWN,STF,,IBM CORP DASD brkdwn -,ACTIVE,CONF,Noor Mohammed,,8/18/2019,8:00:00 AM,GR,
110019,3/4/2019,6:00:00 AM,40,CFTKYGC,SETUP,STF,,PORT AUTHORITY OF NEW YORK AND NEW C/S s,ACTIVE,CONF,JATINDRA DASH,,3/5/2019,10:00:00 PM,GR,HEMLOCK
110019,3/4/2019,2:00:00 PM,32,CFTKYDC,SETUP,STF,,PORT AUTHORITY OF NEW YORK AND NEW Shark,ACTIVE,CONF,JATINDRA DASH,,3/5/2019,10:00:00 PM,GR,
110019,3/5/2019,10:00:00 PM,42,CFTKYDC,TEST,STF,,PORT AUTHORITY OF NEW YORK AND NEW,ACTIVE,CONF,JATINDRA DASH,,3/7/2019,4:00:00 PM,GR,D
110019,3/5/2019,10:00:00 PM,42,CFTKYFC,TEST,STF,,PORT AUTHORITY OF NEW YORK AND NEW,ACTIVE,CONF,JATINDRA DASH,,3/7/2019,4:00:00 PM,GR,HEMLOCK
110019,3/5/2019,10:00:00 PM,42,CFTKYGC,TEST,STF,,PORT AUTHORITY OF NEW YORK AND NEW,ACTIVE,CONF,JATINDRA DASH,,3/7/2019,4:00:00 PM,GR,HEMLOCK
110019,3/5/2019,10:00:00 PM,42,CFTKYNC,TEST,STF,,PORT AUTHORITY OF NEW YORK AND NEW,ACTIVE,CONF,JATINDRA DASH,EBRS,3/7/2019,4:00:00 PM,GR,
110019,3/5/2019,10:00:00 PM,42,CFTT1KD,TEST,STF,,PORT AUTHORITY OF NEW YORK AND NEW,ACTIVE,CONF,JATINDRA DASH,,3/7/2019,4:00:00 PM,GR,
110019,3/7/2019,4:00:00 PM,24,CFTKYDC,SETUP,STF,,PORT AUTHORITY OF NEW YORK AND NEW Shark,ACTIVE,CONF,JATINDRA DASH,,3/8/2019,4:00:00 PM,GR,
110020,6/10/2019,2:00:00 PM,32,CFTKYDC,SETUP,STF,,PORT AUTHORITY OF NEW YORK AND NEW Shark,ACTIVE,CONF,JATINDRA DASH,EXP,6/11/2019,10:00:00 PM,GR,
110020,6/10/2019,2:00:00 PM,32,CFTKYGC,SETUP,STF,,PORT AUTHORITY OF NEW YORK AND NEW C/S e,ACTIVE,CONF,JATINDRA DASH,EXP,6/11/2019,10:00:00 PM,GR,HEMLOCK
110020,6/11/2019,10:00:00 PM,42,CFTKYNC,TEST,STF,,PORT AUTHORITY OF NEW YORK AND NEW,ACTIVE,CONF,JATINDRA DASH,EXP EBRS,6/13/2019,4:00:00 PM,GR,
110020,6/11/2019,10:00:00 PM,42,CFTT1KD,TEST,STF,,PORT AUTHORITY OF NEW YORK AND NEW,ACTIVE,CONF,JATINDRA DASH,EXP,6/13/2019,4:00:00 PM,GR,
110020,6/11/2019,10:00:00 PM,42,CFTKYGC,TEST,STF,,PORT AUTHORITY OF NEW YORK AND NEW,ACTIVE,CONF,JATINDRA DASH,EXP,6/13/2019,4:00:00 PM,GR,GOLDENLARCH
110020,6/11/2019,10:00:00 PM,42,CFTKYDC,TEST,STF,,PORT AUTHORITY OF NEW YORK AND NEW,ACTIVE,CONF,JATINDRA DASH,EXP,6/13/2019,4:00:00 PM,GR,D
110020,6/11/2019,10:00:00 PM,42,CFTKYFC,TEST,STF,,PORT AUTHORITY OF NEW YORK AND NEW,ACTIVE,CONF,JATINDRA DASH,EXP,6/13/2019,4:00:00 PM,GR,GOLDENLARCH
110020,6/13/2019,4:00:00 PM,24,CFTKYDC,SETUP,STF,,PORT AUTHORITY OF NEW YORK AND NEW Shark,ACTIVE,CONF,JATINDRA DASH,EXP,6/14/2019,4:00:00 PM,GR,
110021,9/23/2019,2:00:00 PM,32,CFTKYGC,SETUP,STF,,PORT AUTHORITY OF NEW YORK AND NEW C/S e,ACTIVE,CONF,JATINDRA DASH,,9/24/2019,10:00:00 PM,GR,HEMLOCK
110021,9/23/2019,2:00:00 PM,32,CFTKYDC,SETUP,STF,,PORT AUTHORITY OF NEW YORK AND NEW Shark,ACTIVE,CONF,JATINDRA DASH,,9/24/2019,10:00:00 PM,GR,
110021,9/24/2019,10:00:00 PM,42,CFTKYGC,TEST,STF,,PORT AUTHORITY OF NEW YORK AND NEW,ACTIVE,CONF,JATINDRA DASH,,9/26/2019,4:00:00 PM,GR,HEMLOCK
110021,9/24/2019,10:00:00 PM,42,CFTKYFC,TEST,STF,,PORT AUTHORITY OF NEW YORK AND NEW,ACTIVE,CONF,JATINDRA DASH,,9/26/2019,4:00:00 PM,GR,HEMLOCK
110021,9/24/2019,10:00:00 PM,42,CFTKYDC,TEST,STF,,PORT AUTHORITY OF NEW YORK AND NEW,ACTIVE,CONF,JATINDRA DASH,,9/26/2019,4:00:00 PM,GR,D
110021,9/25/2019,10:00:00 PM,42,CFTT1KD,TEST,STF,,PORT AUTHORITY OF NEW YORK AND NEW,ACTIVE,CONF,JATINDRA DASH,,9/27/2019,4:00:00 PM,GR,
110021,9/25/2019,10:00:00 PM,42,CFTKYNC,TEST,STF,,PORT AUTHORITY OF NEW YORK AND NEW,ACTIVE,CONF,JATINDRA DASH,EBRS,9/27/2019,4:00:00 PM,GR,
110021,9/26/2019,4:00:00 PM,24,CFTKYDC,SETUP,STF,,PORT AUTHORITY OF NEW YORK AND NEW Shark,ACTIVE,CONF,JATINDRA DASH,,9/27/2019,4:00:00 PM,GR,
110022,12/9/2019,2:00:00 PM,32,CFTKYGC,SETUP,STF,,PORT AUTHORITY OF NEW YORK AND NEW C/S e,ACTIVE,CONF,JATINDRA DASH,,12/10/2019,10:00:00 PM,GR,HEMLOCK
110022,12/9/2019,2:00:00 PM,32,CFTKYDC,SETUP,STF,,PORT AUTHORITY OF NEW YORK AND NEW Shark,ACTIVE,CONF,JATINDRA DASH,,12/10/2019,10:00:00 PM,GR,
110022,12/10/2019,10:00:00 PM,42,CFTKYDC,TEST,STF,,PORT AUTHORITY OF NEW YORK AND NEW,ACTIVE,CONF,JATINDRA DASH,,12/12/2019,4:00:00 PM,GR,D
110022,12/10/2019,10:00:00 PM,42,CFTKYFC,TEST,STF,,PORT AUTHORITY OF NEW YORK AND NEW,ACTIVE,CONF,JATINDRA DASH,,12/12/2019,4:00:00 PM,GR,HEMLOCK
110022,12/10/2019,10:00:00 PM,42,CFTKYGC,TEST,STF,,PORT AUTHORITY OF NEW YORK AND NEW,ACTIVE,CONF,JATINDRA DASH,,12/12/2019,4:00:00 PM,GR,HEMLOCK
110022,12/10/2019,10:00:00 PM,42,CFTKYNC,TEST,STF,,PORT AUTHORITY OF NEW YORK AND NEW,ACTIVE,CONF,JATINDRA DASH,EBRS,12/12/2019,4:00:00 PM,GR,
110022,12/10/2019,10:00:00 PM,42,CFTT1KD,TEST,STF,,PORT AUTHORITY OF NEW YORK AND NEW,ACTIVE,CONF,JATINDRA DASH,,12/12/2019,4:00:00 PM,GR,
110022,12/12/2019,4:00:00 PM,24,CFTKYDC,SETUP,STF,,PORT AUTHORITY OF NEW YORK AND NEW Shark,ACTIVE,CONF,JATINDRA DASH,,12/13/2019,4:00:00 PM,GR,
110028,6/10/2019,8:00:00 AM,44,3762Q,TEST,BLD,,STATE OF SOUTH DAKOTA,ACTIVE,CONF,Muralidhar R Reddy,EBRS,6/12/2019,4:00:00 AM,GR,BRECKENRIDGE ENDUSER_26S
110028,6/10/2019,8:00:00 AM,44,CFT1CQR,OTHERSVC,BLD,,STATE OF SOUTH DAKOTA,ACTIVE,CONF,Muralidhar R Reddy,,6/12/2019,4:00:00 AM,GR,
110028,6/4/2019,8:00:00 AM,44,CFT1CQR,OTHERSVC,STF,,STATE OF SOUTH DAKOTA,CANCEL,CONF,Muralidhar R Reddy,,6/6/2019,4:00:00 AM,GR,
110028,6/10/2019,8:00:00 AM,44,CFT1CQR,OTHERSVC,STF,,STATE OF SOUTH DAKOTA,CANCEL,CONF,Muralidhar R Reddy,,6/12/2019,4:00:00 AM,GR,
110034,3/19/2019,8:00:00 AM,60,2F24906,TEST,RTP,,IGS ZSERIES SW SUPPT,CANCEL,PEND,Daljeet Singh,EXP,3/21/2019,8:00:00 PM,,CAPE_FEAR
110035,6/8/2019,8:00:00 AM,120,2F23901,TEST,STF,,IGA COAT POINT V400 LFMS,ACTIVE,CONF,Noor Mohammed,EXP,6/13/2019,8:00:00 AM,GR,B
110036,9/22/2019,4:00:00 PM,40,CFTJZ5C,SETUP,STF,,DELTA DENTAL OF NEW JERSEY INC Blade Set,ACTIVE,CONF,MANIKANTAN NAMASIVAYAM VEERA,,9/24/2019,8:00:00 AM,GR,IRONWOOD
110036,9/24/2019,8:00:00 AM,72,CFT66HQ,OTHERSVC,STF,,DELTA DENTAL OF NEW JERSEY INC,ACTIVE,CONF,MANIKANTAN NAMASIVAYAM VEERA,,9/27/2019,8:00:00 AM,GR,
110036,9/24/2019,8:00:00 AM,72,CFTDT0R,TEST,STF,IRU,DELTA DENTAL OF NEW JERSEY INC,ACTIVE,CONF,MANIKANTAN NAMASIVAYAM VEERA,EBRS ACD,9/27/2019,8:00:00 AM,GR,IRONWOOD JUNIPER
110036,9/24/2019,8:00:00 AM,72,CFTJZ5C,TEST,STF,IRU,DELTA DENTAL OF NEW JERSEY INC,ACTIVE,CONF,MANIKANTAN NAMASIVAYAM VEERA,EBRS,9/27/2019,8:00:00 AM,GR,IRONWOOD JUNIPER
110039,6/25/2019,12:00:00 PM,36,CFTLJCQ,TEST,BLD,,UNIVERSITY OF ARKANSAS,ACTIVE,CONF,MANIKANTAN NAMASIVAYAM VEERA,EBRS,6/27/2019,12:00:00 AM,GR,BRECKENRIDGE
110042,5/3/2019,9:00:00 AM,8,2G04506,TEST,STF,IRU,NATIONAL BANK OF KUWAIT,ACTIVE,CONF,Virupaksheswara Ramapragada,EBRS ACD,5/3/2019,5:00:00 PM,GR,ELM IRONWOOD JUNIPER
110043,5/4/2019,8:00:00 AM,8,2G04506,TEST,STF,IRU,NATIONAL BANK OF KUWAIT,ACTIVE,CONF,Virupaksheswara Ramapragada,EBRS ACD,5/4/2019,4:00:00 PM,GR,ELM IRONWOOD JUNIPER
110044,6/8/2019,8:00:00 AM,24,2K59801,TEST,STF,IRU,CTBC BANK CO LTD NEW YORK BRANCH,ACTIVE,CONF,Virupaksheswara Ramapragada,EBRS,6/9/2019,8:00:00 AM,GR,PINE
110045,5/6/2019,12:00:00 AM,32,CFT2J1C,SETUP,STF,,FARBEST-TALLMAN FOODS CORP DASD setup,ACTIVE,CONF,Virupaksheswara Ramapragada,,5/7/2019,8:00:00 AM,GR,
110045,5/7/2019,8:00:00 AM,24,CFT2J1C,TEST,STF,,FARBEST-TALLMAN FOODS CORP,ACTIVE,CONF,Virupaksheswara Ramapragada,EBRS,5/8/2019,8:00:00 AM,GR,FIR
110045,5/8/2019,8:00:00 AM,24,CFT2J1C,BREAKDWN,STF,,FARBEST-TALLMAN FOODS CORP DASD breakdow,ACTIVE,CONF,Virupaksheswara Ramapragada,,5/9/2019,8:00:00 AM,GR,
110046,5/14/2019,8:00:00 AM,48,CFT646Q,SETUP,STF,,MCS HEALTHCARE HOLDINGS LLC C/S setup,ACTIVE,CONF,Virupaksheswara Ramapragada,,5/16/2019,8:00:00 AM,GR,NECTARINE
110046,5/16/2019,8:00:00 AM,60,CFT646Q,TEST,STF,,MCS HEALTHCARE HOLDINGS LLC,ACTIVE,CONF,Virupaksheswara Ramapragada,,5/18/2019,8:00:00 PM,GR,NECTARINE
110046,5/16/2019,8:00:00 AM,60,CFTZ5YQ,RRTEST,STF,,MCS HEALTHCARE HOLDINGS LLC,ACTIVE,CONF,Virupaksheswara Ramapragada,,5/18/2019,8:00:00 PM,GR,
110046,5/16/2019,8:00:00 AM,60,CFT64GQ,TEST,STF,IRU,MCS HEALTHCARE HOLDINGS LLC,ACTIVE,CONF,Virupaksheswara Ramapragada,,5/18/2019,8:00:00 PM,GR,
110046,5/15/2019,4:00:00 AM,28,CFT646Q,SETUP,STF,,MCS HEALTHCARE HOLDINGS LLC C/S setup,CANCEL,CONF,Virupaksheswara Ramapragada,,5/16/2019,8:00:00 AM,GR,NECTARINE
110047,8/13/2019,2:00:00 PM,42,CFT646Q,SETUP,STF,,MCS HEALTHCARE HOLDINGS LLC C/S setup,ACTIVE,CONF,Virupaksheswara Ramapragada,,8/15/2019,8:00:00 AM,GR,NECTARINE
110047,8/15/2019,8:00:00 AM,60,CFT64GQ,TEST,STF,IRU,MCS HEALTHCARE HOLDINGS LLC,ACTIVE,CONF,Virupaksheswara Ramapragada,,8/17/2019,8:00:00 PM,GR,
110047,8/15/2019,8:00:00 AM,60,CFT646Q,TEST,STF,,MCS HEALTHCARE HOLDINGS LLC,ACTIVE,CONF,Virupaksheswara Ramapragada,,8/17/2019,8:00:00 PM,GR,NECTARINE
110047,8/15/2019,8:00:00 AM,60,CFTZ5YQ,RRTEST,STF,,MCS HEALTHCARE HOLDINGS LLC MCS,ACTIVE,CONF,Virupaksheswara Ramapragada,,8/17/2019,8:00:00 PM,GR,
110047,8/14/2019,4:00:00 AM,28,CFT646Q,SETUP,STF,,MCS HEALTHCARE HOLDINGS LLC C/S setup,CANCEL,CONF,Virupaksheswara Ramapragada,,8/15/2019,8:00:00 AM,GR,NECTARINE
110048,1/1/2019,8:00:00 AM,472,INTSTF01,MAINT,STF,,Printer hold,ACTIVE,CONF,Kristy Varga,EBRS,1/21/2019,12:00:00 AM,,
110048,1/7/2019,8:00:00 AM,129,INTSTF01,MAINT,STF,,Intel Upgrade Maint,ACTIVE,CONF,Kristy Varga,,1/12/2019,5:00:00 PM,,
110049,10/20/2019,4:00:00 PM,16,CFTT9VQ,SETUP,STF,,TRANS WORLD ENTERTAINMENT CORP C/S set-u,ACTIVE,CONF,Ajas Abdulsalam,,10/21/2019,8:00:00 AM,GR,BIRCH
110049,10/21/2019,8:00:00 AM,64,CFTT9VQ,TEST,STF,,TRANS WORLD ENTERTAINMENT CORP,ACTIVE,CONF,Ajas Abdulsalam,EBRS,10/24/2019,12:00:00 AM,GR,BIRCH E-D/S
110049,10/21/2019,8:00:00 AM,64,CFTTVSQ,OTHERSVC,STF,,TRANS WORLD ENTERTAINMENT CORP,ACTIVE,CONF,Ajas Abdulsalam,,10/24/2019,12:00:00 AM,GR,
110052,7/22/2019,8:00:00 AM,24,CFT690R,TEST,BLD,IRU,NATIONAL INDEMNITY CO,ACTIVE,CONF,MANIKANTAN NAMASIVAYAM VEERA,,7/23/2019,8:00:00 AM,GR,BRECKENRIDGE
110052,7/22/2019,8:00:00 AM,24,CFT0T8R,OTHERSVC,BLD,,NATIONAL INDEMNITY CO,ACTIVE,CONF,MANIKANTAN NAMASIVAYAM VEERA,,7/23/2019,8:00:00 AM,GR,
110053,3/17/2019,8:00:00 AM,24,CFT0CSD,SETUP,BLD,,AEGION CORPORATION comp set-up,ACTIVE,CONF,MANIKANTAN NAMASIVAYAM VEERA,,3/18/2019,8:00:00 AM,GR,BRECKENRIDGE
110053,3/18/2019,8:00:00 AM,4,CFT0D7D,TEST,BLD,IRU,AEGION CORPORATION,ACTIVE,CONF,MANIKANTAN NAMASIVAYAM VEERA,ACD,3/18/2019,12:00:00 PM,GR,BRECKENRIDGE
110053,3/18/2019,8:00:00 AM,24,CFT0CVD,TEST,BLD,,AEGION CORPORATION,ACTIVE,CONF,MANIKANTAN NAMASIVAYAM VEERA,EBRS,3/19/2019,8:00:00 AM,GR,
110053,3/18/2019,8:00:00 AM,24,CFT0CTD,TEST,BLD,,AEGION CORPORATION,ACTIVE,CONF,MANIKANTAN NAMASIVAYAM VEERA,,3/19/2019,8:00:00 AM,GR,BRECKENRIDGE NCA2
110053,3/18/2019,8:00:00 AM,24,CFT0CSD,TEST,BLD,,AEGION CORPORATION,ACTIVE,CONF,MANIKANTAN NAMASIVAYAM VEERA,,3/19/2019,8:00:00 AM,GR,BRECKENRIDGE
110053,3/17/2019,8:00:00 AM,24,CFT0CSD,SETUP,BLD,,AEGION CORPORATION comp set-up,CANCEL,PEND,MANIKANTAN NAMASIVAYAM VEERA,,3/18/2019,8:00:00 AM,GR,BRECKENRIDGE
110053,3/17/2019,8:00:00 AM,24,CFT0CSD,SETUP,BLD,,AEGION CORPORATION comp set-up,CANCEL,CONF,MANIKANTAN NAMASIVAYAM VEERA,,3/18/2019,8:00:00 AM,GR,BRECKENRIDGE
110053,3/18/2019,8:00:00 AM,4,CFT0CTD,TEST,BLD,,AEGION CORPORATION,CANCEL,PEND,MANIKANTAN NAMASIVAYAM VEERA,,3/18/2019,12:00:00 PM,GR,BRECKENRIDGE
110053,3/18/2019,8:00:00 AM,4,CFT0CSD,TEST,BLD,,AEGION CORPORATION,CANCEL,PEND,MANIKANTAN NAMASIVAYAM VEERA,,3/18/2019,12:00:00 PM,GR,BRECKENRIDGE
110053,3/18/2019,8:00:00 AM,24,CFT0CSD,TEST,BLD,,AEGION CORPORATION,CANCEL,CONF,MANIKANTAN NAMASIVAYAM VEERA,,3/19/2019,8:00:00 AM,GR,BRECKENRIDGE
110053,3/18/2019,8:00:00 AM,4,CFT0CVD,TEST,BLD,,AEGION CORPORATION,CANCEL,PEND,MANIKANTAN NAMASIVAYAM VEERA,EBRS,3/18/2019,12:00:00 PM,GR,
110053,3/18/2019,8:00:00 AM,24,CFT0CVD,TEST,BLD,,AEGION CORPORATION,CANCEL,CONF,MANIKANTAN NAMASIVAYAM VEERA,EBRS,3/19/2019,8:00:00 AM,GR,
110053,3/18/2019,8:00:00 AM,24,CFT0D7D,TEST,BLD,IRU,AEGION CORPORATION,CANCEL,CONF,MANIKANTAN NAMASIVAYAM VEERA,ACD,3/19/2019,8:00:00 AM,GR,BRECKENRIDGE
110053,3/18/2019,8:00:00 AM,24,CFT0CTD,TEST,BLD,,AEGION CORPORATION,CANCEL,CONF,MANIKANTAN NAMASIVAYAM VEERA,,3/19/2019,8:00:00 AM,GR,BRECKENRIDGE
110054,5/5/2019,5:00:00 PM,48,CFTTNGQ,TEST,BLD,,CITY OF LONG BEACH,ACTIVE,CONF,Bonda Madhusudana Rao,EBRS,5/7/2019,5:00:00 PM,GR,ELDORA NCA1 OFFICE-228
110054,4/7/2019,5:00:00 PM,48,CFTTNGQ,TEST,BLD,,CITY OF LONG BEACH,CANCEL,PEND,Bonda Madhusudana Rao,EXP,4/9/2019,5:00:00 PM,GR,ELDORA NCA5 OFFICE-230
110064,2/25/2019,8:00:00 AM,72,CFTMAXG,TEST,RTP,,IGA WWPA,CANCEL,CONF,Noor Mohammed,EXP,2/28/2019,8:00:00 AM,GR,GRANDFATHER_MTN
110069,9/25/2019,8:00:00 AM,4,CFTRXBF,TEST,STF,,PACIFIC INVESTMENT MANAGEMENT CO,ACTIVE,CONF,Ajas Abdulsalam,EBRS,9/25/2019,12:00:00 PM,GR,
110069,9/25/2019,8:00:00 AM,4,CFTRXCF,TEST,STF,IRU,PACIFIC INVESTMENT MANAGEMENT CO,ACTIVE,CONF,Ajas Abdulsalam,EBRS ACD,9/25/2019,12:00:00 PM,GR,BOWLINGALLEY
110070,10/7/2019,8:00:00 AM,48,CFTRXCF,SETUP,STF,IRU,PACIFIC INVESTMENT MANAGEMENT CO blade.c,ACTIVE,CONF,Ajas Abdulsalam,,10/9/2019,8:00:00 AM,GR,FIR
110070,10/9/2019,8:00:00 AM,8,CFTRXBF,TEST,STF,,PACIFIC INVESTMENT MANAGEMENT CO,ACTIVE,CONF,Ajas Abdulsalam,EBRS,10/9/2019,4:00:00 PM,GR,
110070,10/9/2019,8:00:00 AM,8,CFTRXCF,TEST,STF,IRU,PACIFIC INVESTMENT MANAGEMENT CO,ACTIVE,CONF,Ajas Abdulsalam,EBRS ACD,10/9/2019,4:00:00 PM,GR,FIR
110076,5/31/2019,8:00:00 AM,48,CFTYABD,SETUP,BLD,,DOLE FOOD CO INC cs setup-,ACTIVE,CONF,JATINDRA DASH,,6/2/2019,8:00:00 AM,GR,SNOWMASS
110076,6/2/2019,12:00:00 AM,8,CFTX80D,SETUP,BLD,,DOLE FOOD CO INC LPAR Setup-,ACTIVE,CONF,JATINDRA DASH,,6/2/2019,8:00:00 AM,GR,SNOWMASS
110076,6/2/2019,8:00:00 AM,36,CFTYAND,TEST,BLD,,DOLE FOOD CO INC,ACTIVE,CONF,JATINDRA DASH,,6/3/2019,8:00:00 PM,GR,
110076,6/2/2019,8:00:00 AM,36,CFTX82D,TEST,BLD,,DOLE FOOD CO INC,ACTIVE,CONF,JATINDRA DASH,,6/3/2019,8:00:00 PM,GR,SNOWMASS
110076,6/2/2019,8:00:00 AM,36,CFTX8ZD,TEST,BLD,IRU,DOLE FOOD CO INC,ACTIVE,CONF,JATINDRA DASH,EBRS,6/3/2019,8:00:00 PM,GR,
110076,6/2/2019,8:00:00 AM,36,CFTYABD,TEST,BLD,,DOLE FOOD CO INC,ACTIVE,CONF,JATINDRA DASH,,6/3/2019,8:00:00 PM,GR,SNOWMASS
110076,6/2/2019,8:00:00 AM,36,CFTX80D,TEST,BLD,,DOLE FOOD CO INC,ACTIVE,CONF,JATINDRA DASH,,6/3/2019,8:00:00 PM,GR,SNOWMASS
110076,6/3/2019,8:00:00 PM,8,CFTX80D,BREAKDWN,BLD,,DOLE FOOD CO INC LPAR brkdwn -,ACTIVE,CONF,JATINDRA DASH,,6/4/2019,4:00:00 AM,GR,SNOWMASS
110077,10/17/2019,6:00:00 AM,48,CFTYABD,SETUP,BLD,,DOLE FOOD CO INC c/s set-up,ACTIVE,CONF,JATINDRA DASH,,10/19/2019,6:00:00 AM,GR,VAIL
110077,10/18/2019,6:00:00 AM,24,CFTYAND,SETUP,BLD,,DOLE FOOD CO INC extened set-up,ACTIVE,CONF,JATINDRA DASH,,10/19/2019,6:00:00 AM,GR,VAIL
110077,10/18/2019,6:00:00 AM,24,CFTX82D,SETUP,BLD,,DOLE FOOD CO INC extended set-up,ACTIVE,CONF,JATINDRA DASH,,10/19/2019,6:00:00 AM,GR,ASPEN
110077,10/18/2019,6:00:00 AM,24,CFTX8ZD,SETUP,BLD,IRU,DOLE FOOD CO INC extended set-up,ACTIVE,CONF,JATINDRA DASH,EBRS,10/19/2019,6:00:00 AM,GR,
110077,10/18/2019,6:00:00 AM,24,CFTX81D,SETUP,BLD,,DOLE FOOD CO INC extended set-up,ACTIVE,CONF,JATINDRA DASH,,10/19/2019,6:00:00 AM,GR,ASPEN VAIL
110077,10/18/2019,6:00:00 AM,24,CFTYABD,SETUP,BLD,,DOLE FOOD CO INC extended set-up,ACTIVE,CONF,JATINDRA DASH,,10/19/2019,6:00:00 AM,GR,
110077,10/18/2019,6:00:00 AM,24,CFTX80D,SETUP,BLD,,DOLE FOOD CO INC extended set-up,ACTIVE,CONF,JATINDRA DASH,,10/19/2019,6:00:00 AM,GR,ASPEN VAIL
110077,10/19/2019,6:00:00 AM,60,CFTYABD,TEST,BLD,,DOLE FOOD CO INC,ACTIVE,CONF,JATINDRA DASH,,10/21/2019,6:00:00 PM,GR,ASPEN
110077,10/19/2019,6:00:00 AM,60,CFTX8ZD,TEST,BLD,IRU,DOLE FOOD CO INC,ACTIVE,CONF,JATINDRA DASH,EBRS,10/21/2019,6:00:00 PM,GR,
110077,10/19/2019,6:00:00 AM,60,CFTX82D,TEST,BLD,,DOLE FOOD CO INC,ACTIVE,CONF,JATINDRA DASH,,10/21/2019,6:00:00 PM,GR,ASPEN
110077,10/19/2019,6:00:00 AM,60,CFTYAND,TEST,BLD,,DOLE FOOD CO INC,ACTIVE,CONF,JATINDRA DASH,,10/21/2019,6:00:00 PM,GR,VAIL
110077,10/19/2019,6:00:00 AM,60,CFTX80D,TEST,BLD,,DOLE FOOD CO INC,ACTIVE,CONF,JATINDRA DASH,,10/21/2019,6:00:00 PM,GR,ASPEN VAIL
110077,10/19/2019,6:00:00 AM,60,CFTX81D,TEST,BLD,,DOLE FOOD CO INC,ACTIVE,CONF,JATINDRA DASH,,10/21/2019,6:00:00 PM,GR,ASPEN OFFICE-229 VAIL
110098,5/6/2019,8:00:00 AM,72,CFTRRDM,TEST,BLD,IRU,AARP,ACTIVE,CONF,MANIKANTAN NAMASIVAYAM VEERA,EBRS,5/9/2019,8:00:00 AM,GR,VAIL
110098,5/6/2019,8:00:00 AM,72,CFTRRFM,TEST,BLD,,AARP,ACTIVE,CONF,MANIKANTAN NAMASIVAYAM VEERA,,5/9/2019,8:00:00 AM,GR,VAIL
110099,11/6/2019,8:00:00 AM,72,CFTRRDM,TEST,BLD,IRU,AARP,ACTIVE,CONF,MANIKANTAN NAMASIVAYAM VEERA,EBRS,11/9/2019,8:00:00 AM,GR,VAIL
110099,11/6/2019,8:00:00 AM,72,CFTRRFM,TEST,BLD,,AARP,ACTIVE,CONF,MANIKANTAN NAMASIVAYAM VEERA,,11/9/2019,8:00:00 AM,GR,VAIL
110099,11/4/2019,8:00:00 AM,72,CFTRRFM,TEST,BLD,,AARP,CANCEL,CONF,MANIKANTAN NAMASIVAYAM VEERA,,11/7/2019,8:00:00 AM,GR,VAIL
110099,11/4/2019,8:00:00 AM,72,CFTRRDM,TEST,BLD,IRU,AARP,CANCEL,CONF,MANIKANTAN NAMASIVAYAM VEERA,EBRS,11/7/2019,8:00:00 AM,GR,VAIL
110106,6/5/2019,12:00:00 AM,31,CFT2LGC,SETUP,BLD,,GREAT WEST CASUALTY CO CS/Blade setup -,ACTIVE,CONF,ASHOK P KRISHNA MURTHY,,6/6/2019,7:00:00 AM,GR,SNOWMASS
110106,6/6/2019,7:00:00 AM,16,CFT2K4C,TEST,BLD,,GREAT WEST CASUALTY CO,ACTIVE,CONF,ASHOK P KRISHNA MURTHY,,6/6/2019,11:00:00 PM,GR,SNOWMASS
110106,6/6/2019,7:00:00 AM,16,CFT2LGC,TEST,BLD,,GREAT WEST CASUALTY CO,ACTIVE,CONF,ASHOK P KRISHNA MURTHY,,6/6/2019,11:00:00 PM,GR,SNOWMASS
110106,6/6/2019,7:00:00 AM,16,CFTDKYR,TEST,BLD,,GREAT WEST CASUALTY CO,ACTIVE,CONF,ASHOK P KRISHNA MURTHY,,6/6/2019,11:00:00 PM,GR,SNOWMASS
110106,6/6/2019,7:00:00 AM,16,CFT0C9D,OTHERSVC,BLD,,GREAT WEST CASUALTY CO,ACTIVE,CONF,ASHOK P KRISHNA MURTHY,,6/6/2019,11:00:00 PM,GR,
110106,6/6/2019,7:00:00 AM,16,CFT2KWC,TEST,BLD,,GREAT WEST CASUALTY CO,ACTIVE,CONF,ASHOK P KRISHNA MURTHY,EBRS,6/6/2019,11:00:00 PM,GR,
110106,6/6/2019,7:00:00 AM,16,CFT87TC,TEST,BLD,,GREAT WEST CASUALTY CO,ACTIVE,CONF,ASHOK P KRISHNA MURTHY,,6/6/2019,11:00:00 PM,GR,
110106,6/5/2019,1:00:00 PM,18,CFT2LGC,SETUP,BLD,,GREAT WEST CASUALTY CO CS/Blade setup -,CANCEL,CONF,ASHOK P KRISHNA MURTHY,,6/6/2019,7:00:00 AM,GR,SNOWMASS
110111,9/8/2019,12:00:00 AM,32,CFTK8SQ,SETUP,BLD,,BLUE CROSS AND BLUE SHIELD OF native set,ACTIVE,CONF,Virupaksheswara Ramapragada,,9/9/2019,8:00:00 AM,GR,ASPEN OFFICE-226
110111,9/9/2019,8:00:00 AM,72,CFTK8SQ,TEST,BLD,,BLUE CROSS AND BLUE SHIELD OF,ACTIVE,CONF,Virupaksheswara Ramapragada,,9/12/2019,8:00:00 AM,GR,ASPEN OFFICE-226
110111,9/9/2019,8:00:00 AM,72,CFTL11Q,TEST,BLD,,BLUE CROSS AND BLUE SHIELD OF,ACTIVE,CONF,Virupaksheswara Ramapragada,EBRS,9/12/2019,8:00:00 AM,GR,
110111,9/6/2019,8:00:00 AM,72,CFTDNTR,SETUP,BLD,,BLUE CROSS AND BLUE SHIELD OF blade  & C,CANCEL,CONF,Virupaksheswara Ramapragada,,9/9/2019,8:00:00 AM,GR,ASPEN VAIL
110111,9/8/2019,8:00:00 AM,24,CFTK8TQ,SETUP,BLD,,BLUE CROSS AND BLUE SHIELD OF c/s set-up,CANCEL,PEND,Virupaksheswara Ramapragada,,9/9/2019,8:00:00 AM,GR,VAIL
110111,9/9/2019,8:00:00 AM,72,CFTDNTR,TEST,BLD,,BLUE CROSS AND BLUE SHIELD OF,CANCEL,CONF,Virupaksheswara Ramapragada,,9/12/2019,8:00:00 AM,GR,ASPEN VAIL
110111,9/9/2019,8:00:00 AM,72,CFTLNLQ,TEST,BLD,,BLUE CROSS AND BLUE SHIELD OF,CANCEL,CONF,Virupaksheswara Ramapragada,,9/12/2019,8:00:00 AM,GR,
110111,9/9/2019,8:00:00 AM,72,CFTK8TQ,TEST,BLD,,BLUE CROSS AND BLUE SHIELD OF,CANCEL,CONF,Virupaksheswara Ramapragada,,9/12/2019,8:00:00 AM,GR,
110111,9/9/2019,8:00:00 AM,72,CFTK87Q,TEST,BLD,,BLUE CROSS AND BLUE SHIELD OF,CANCEL,CONF,Virupaksheswara Ramapragada,,9/12/2019,8:00:00 AM,GR,VAIL
110111,9/11/2019,10:00:00 AM,8,CFTSQKH,TEST,STF,BLD IRU RTP,BLUE CROSS & BLUE SHIELD,CANCEL,CONF,Virupaksheswara Ramapragada,,9/11/2019,6:00:00 PM,GR,
110111,12/8/2019,8:00:00 AM,72,CFTDNTR,SETUP,BLD,,BLUE CROSS AND BLUE SHIELD OF blade  & C,CANCEL,WIP,Virupaksheswara Ramapragada,,12/11/2019,8:00:00 AM,GR,ELDORA SNOWMASS STEAMBOAT
110111,12/10/2019,12:00:00 AM,32,CFTK8SQ,SETUP,BLD,,BLUE CROSS AND BLUE SHIELD OF native set,CANCEL,WIP,Virupaksheswara Ramapragada,,12/11/2019,8:00:00 AM,GR,SNOWMASS
110111,12/11/2019,8:00:00 AM,72,CFTLNLQ,TEST,BLD,,BLUE CROSS AND BLUE SHIELD OF,CANCEL,WIP,Virupaksheswara Ramapragada,,12/14/2019,8:00:00 AM,GR,
110111,12/11/2019,8:00:00 AM,72,CFTK8TQ,TEST,BLD,,BLUE CROSS AND BLUE SHIELD OF,CANCEL,WIP,Virupaksheswara Ramapragada,,12/14/2019,8:00:00 AM,GR,
110111,12/11/2019,8:00:00 AM,72,CFTL11Q,TEST,BLD,,BLUE CROSS AND BLUE SHIELD OF,CANCEL,WIP,Virupaksheswara Ramapragada,EBRS,12/14/2019,8:00:00 AM,GR,
110111,12/11/2019,8:00:00 AM,72,CFTDNTR,TEST,BLD,,BLUE CROSS AND BLUE SHIELD OF,CANCEL,WIP,Virupaksheswara Ramapragada,,12/14/2019,8:00:00 AM,GR,ELDORA SNOWMASS STEAMBOAT
110111,12/11/2019,8:00:00 AM,72,CFTK87Q,TEST,BLD,,BLUE CROSS AND BLUE SHIELD OF,CANCEL,WIP,Virupaksheswara Ramapragada,,12/14/2019,8:00:00 AM,GR,ELDORA
110111,12/11/2019,8:00:00 AM,72,CFTK8SQ,TEST,BLD,,BLUE CROSS AND BLUE SHIELD OF,CANCEL,WIP,Virupaksheswara Ramapragada,NATIV,12/14/2019,8:00:00 AM,GR,OFFICE-226 SNOWMASS
110111,12/13/2019,8:00:00 AM,8,CFTSQKH,TEST,STF,BLD IRU RTP,BLUE CROSS & BLUE SHIELD,CANCEL,WIP,Virupaksheswara Ramapragada,,12/13/2019,4:00:00 PM,GR,
110114,4/8/2019,12:00:00 AM,32,CFTLKXF,SETUP,STF,,AK STEEL CORP Shark set up,ACTIVE,CONF,Bonda Madhusudana Rao,,4/9/2019,8:00:00 AM,GR,
110114,4/9/2019,8:00:00 AM,48,CFTLKYF,TEST,STF,,AK STEEL CORP,ACTIVE,CONF,Bonda Madhusudana Rao,,4/11/2019,8:00:00 AM,GR,FIR
110114,4/9/2019,8:00:00 AM,48,CFTLKXF,TEST,STF,,AK STEEL CORP,ACTIVE,CONF,Bonda Madhusudana Rao,EBRS,4/11/2019,8:00:00 AM,GR,A
110114,4/11/2019,8:00:00 AM,24,CFTLKXF,BREAKDWN,STF,,AK STEEL CORP Shark brk dwn,ACTIVE,CONF,Bonda Madhusudana Rao,,4/12/2019,8:00:00 AM,GR,
110114,4/9/2019,8:00:00 AM,48,CFTLKYF,TEST,STF,,AK STEEL CORP,CANCEL,PEND,Bonda Madhusudana Rao,XSITE,4/11/2019,8:00:00 AM,GR,FIR
110127,5/13/2019,8:00:00 AM,56,2K61706,TEST,RTP,,IGA IMD EP1,ACTIVE,CONF,Daljeet Singh,,5/15/2019,4:00:00 PM,GR,CAPE_LOOKOUT
110127,5/13/2019,8:00:00 AM,56,CFTK6YK,TEST,RTP,,IGA GENERAL LEDGER,ACTIVE,CONF,Daljeet Singh,,5/15/2019,4:00:00 PM,GR,CAPE_LOOKOUT
110140,4/2/2019,8:00:00 AM,4,3762Q,NETTEST,BLD,,STATE OF SOUTH DAKOTA,ACTIVE,CONF,Muralidhar R Reddy,EBRS,4/2/2019,12:00:00 PM,GR,
110145,11/14/2019,8:00:00 AM,96,CFT41FD,SETUP,BLD,,VIRGINIA MASON MEDICAL CENTER CS- Setup,ACTIVE,CONF,MANIKANTAN NAMASIVAYAM VEERA,,11/18/2019,8:00:00 AM,GR,
110145,11/18/2019,8:00:00 AM,48,CFT41FD,TEST,BLD,,VIRGINIA MASON MEDICAL CENTER,ACTIVE,CONF,MANIKANTAN NAMASIVAYAM VEERA,,11/20/2019,8:00:00 AM,GR,
110145,11/18/2019,8:00:00 AM,48,CFTMBRR,TEST,BLD,,VIRGINIA MASON MEDICAL CENTER,ACTIVE,CONF,MANIKANTAN NAMASIVAYAM VEERA,EXP,11/20/2019,8:00:00 AM,GR,ELDORA
110145,11/18/2019,8:00:00 AM,48,CFT6J0D,TEST,BLD,,VIRGINIA MASON MEDICAL CENTER,ACTIVE,CONF,MANIKANTAN NAMASIVAYAM VEERA,,11/20/2019,8:00:00 AM,GR,ELDORA
110145,11/18/2019,8:00:00 AM,48,CFT6JZD,TEST,BLD,,VIRGINIA MASON MEDICAL CENTER,ACTIVE,CONF,MANIKANTAN NAMASIVAYAM VEERA,,11/20/2019,8:00:00 AM,GR,
110145,11/18/2019,8:00:00 AM,48,CFT67FF,OTHERSVC,BLD,,VIRGINIA MASON MEDICAL CENTER,ACTIVE,CONF,MANIKANTAN NAMASIVAYAM VEERA,,11/20/2019,8:00:00 AM,GR,
110145,11/18/2019,8:00:00 AM,48,CFT6J1D,TEST,BLD,,VIRGINIA MASON MEDICAL CENTER,ACTIVE,CONF,MANIKANTAN NAMASIVAYAM VEERA,,11/20/2019,8:00:00 AM,GR,
110145,10/22/2019,8:00:00 AM,48,CFT67FF,OTHERSVC,BLD,,VIRGINIA MASON MEDICAL CENTER,CANCEL,WIP,MANIKANTAN NAMASIVAYAM VEERA,EXP,10/24/2019,8:00:00 AM,GR,
110149,6/3/2019,8:00:00 AM,120,2H30716,TEST,RTP,,IGA CHIS,ACTIVE,CONF,Daljeet Singh,,6/8/2019,8:00:00 AM,GR,
110151,4/5/2019,8:00:00 AM,72,CFT69NF,SETUP,BLD,,COOPERVISION INC CS setup -,ACTIVE,CONF,Bonda Madhusudana Rao,,4/8/2019,8:00:00 AM,GR,CRESTED_BUTTE
110151,4/8/2019,8:00:00 AM,72,CFT69NF,TEST,BLD,IRU,COOPERVISION INC,ACTIVE,CONF,Bonda Madhusudana Rao,,4/11/2019,8:00:00 AM,GR,CRESTED_BUTTE
110151,4/8/2019,8:00:00 AM,72,CFT67CR,TEST,BLD,,COOPERVISION INC,ACTIVE,CONF,Bonda Madhusudana Rao,,4/11/2019,8:00:00 AM,GR,CRESTED_BUTTE
110151,4/8/2019,8:00:00 AM,72,CFTBL8Q,RRTEST,BLD,,COOPERVISION INC,ACTIVE,CONF,Bonda Madhusudana Rao,,4/11/2019,8:00:00 AM,GR,
110157,7/8/2019,8:00:00 AM,72,CFTK6YK,TEST,RTP,,IGA GENERAL LEDGER,ACTIVE,CONF,Noor Mohammed,,7/11/2019,8:00:00 AM,GR,CAPE_HATTERAS
110157,7/8/2019,8:00:00 AM,72,CFTMAYG,TEST,RTP,,IGA WWPS,ACTIVE,CONF,Noor Mohammed,,7/11/2019,8:00:00 AM,GR,CAPE_FEAR CAPE_HATTERAS
110158,6/1/2019,8:00:00 AM,48,CFT66TQ,SETUP,BLD,,HYSTER-YALE GROUP INC Blade setup -,ACTIVE,CONF,Noor Mohammed,,6/3/2019,8:00:00 AM,GR,STEAMBOAT
110158,6/3/2019,8:00:00 AM,96,CFT66RQ,TEST,BLD,,HYSTER-YALE GROUP INC,ACTIVE,CONF,Noor Mohammed,,6/7/2019,8:00:00 AM,GR,BRECKENRIDGE
110158,6/3/2019,8:00:00 AM,96,CFT66SQ,TEST,BLD,,NACCO MATERIALS HANDLING GROUP INC,ACTIVE,CONF,Noor Mohammed,EBRS,6/7/2019,8:00:00 AM,GR,
110158,6/3/2019,8:00:00 AM,96,CFT66TQ,TEST,BLD,,HYSTER-YALE GROUP INC,ACTIVE,CONF,Noor Mohammed,,6/7/2019,8:00:00 AM,GR,STEAMBOAT
110159,11/30/2019,8:00:00 AM,48,CFT66TQ,SETUP,BLD,,HYSTER-YALE GROUP INC Blade setup -,ACTIVE,CONF,Noor Mohammed,,12/2/2019,8:00:00 AM,GR,BRECKENRIDGE
110159,12/2/2019,8:00:00 AM,96,CFT66TQ,TEST,BLD,,HYSTER-YALE GROUP INC,ACTIVE,CONF,Noor Mohammed,,12/6/2019,8:00:00 AM,GR,BRECKENRIDGE NCA2
110159,12/2/2019,8:00:00 AM,96,CFT66SQ,TEST,BLD,,NACCO MATERIALS HANDLING GROUP INC,ACTIVE,CONF,Noor Mohammed,EBRS,12/6/2019,8:00:00 AM,GR,
110159,12/2/2019,8:00:00 AM,96,CFT66RQ,TEST,BLD,,HYSTER-YALE GROUP INC,ACTIVE,CONF,Noor Mohammed,,12/6/2019,8:00:00 AM,GR,BRECKENRIDGE
110160,4/11/2019,6:00:00 AM,24,CFTR41P,SETUP,STF,,KOREA DEV BANK NY C/S set-up,ACTIVE,CONF,Virupaksheswara Ramapragada,,4/12/2019,6:00:00 AM,GR,BOWLINGALLEY GOLDENLARCH HEMLOCK IRONWOOD
110160,4/12/2019,6:00:00 AM,12,CFTR41P,TEST,STF,IRU,KOREA DEV BANK NY,ACTIVE,CONF,Virupaksheswara Ramapragada,EBRS,4/12/2019,6:00:00 PM,GR,BOWLINGALLEY GOLDENLARCH HEMLOCK IRONWOOD
110160,4/6/2019,12:00:00 AM,4,CFTR41P,SETUP,STF,,KOREA DEV BANK NY c/s set-up,CANCEL,WIP,Virupaksheswara Ramapragada,,4/6/2019,4:00:00 AM,GR,
110160,4/6/2019,6:00:00 AM,12,CFTR41P,SETUP,STF,,KOREA DEV BANK NY C/S st-up,CANCEL,WIP,Virupaksheswara Ramapragada,,4/6/2019,6:00:00 PM,GR,GOLDENLARCH
110160,4/6/2019,6:00:00 AM,12,CFTR41P,TEST,STF,,KOREA DEV BANK NY,CANCEL,CONF,Virupaksheswara Ramapragada,,4/6/2019,6:00:00 PM,GR,
110160,4/6/2019,6:00:00 AM,12,CFTR41P,SETUP,STF,,KOREA DEV BANK NY C/S st-up,CANCEL,CONF,Virupaksheswara Ramapragada,,4/6/2019,6:00:00 PM,GR,IRONWOOD
110160,4/6/2019,6:00:00 AM,12,CFTR41P,TEST,STF,IRU,KOREA DEV BANK NY,CANCEL,WIP,Virupaksheswara Ramapragada,EBRS,4/6/2019,6:00:00 PM,GR,BOWLINGALLEY IRONWOOD
110160,4/6/2019,6:00:00 AM,12,CFTR41P,TEST,STF,IRU,KOREA DEV BANK NY,CANCEL,PEND,Virupaksheswara Ramapragada,EBRS,4/6/2019,6:00:00 PM,GR,BOWLINGALLEY IRONWOOD
110160,4/6/2019,6:00:00 AM,12,CFTR41P,TEST,STF,IRU,KOREA DEV BANK NY,CANCEL,PEND,Virupaksheswara Ramapragada,EBRS,4/6/2019,6:00:00 PM,GR,BOWLINGALLEY IRONWOOD
110160,4/26/2019,6:00:00 AM,12,CFTR41P,SETUP,STF,,KOREA DEV BANK NY C/S st-up,CANCEL,PEND,Virupaksheswara Ramapragada,,4/26/2019,6:00:00 PM,GR,LINDEN
110160,4/26/2019,6:00:00 AM,12,CFTR41P,TEST,STF,IRU,KOREA DEV BANK NY,CANCEL,WIP,Virupaksheswara Ramapragada,,4/26/2019,6:00:00 PM,GR,
110160,4/26/2019,6:00:00 AM,12,CFTR41P,SETUP,STF,IRU,KOREA DEV BANK NY c/s  set-up,CANCEL,CONF,Virupaksheswara Ramapragada,,4/26/2019,6:00:00 PM,GR,CHESTNUT PINE
110161,2/4/2019,8:00:00 AM,40,INTSTF01,MAINT,STF,,Striker MPLS circuit issue,ACTIVE,CONF,Kristy Varga,EBRS,2/6/2019,12:00:00 AM,,1-CS 2-CS 3-CS 3-EUS 4-CS A B BIRCH BLRM BOWLINGAL
110162,5/18/2019,8:00:00 AM,8,CFT8ALK,TEST,STF,IRU,STATE BANK OF INDIA,ACTIVE,CONF,Daljeet Singh,EBRS,5/18/2019,4:00:00 PM,GR,VENUS
110162,5/4/2019,8:00:00 AM,8,CFT8ALK,TEST,STF,IRU,STATE BANK OF INDIA,CANCEL,CONF,Daljeet Singh,EBRS,5/4/2019,4:00:00 PM,GR,VENUS
110174,7/8/2019,12:00:00 AM,24,CFTNPBD,SETUP,BLD,,MILLERS CAPITAL INSURANCE CO CS Setup,ACTIVE,CONF,MANIKANTAN NAMASIVAYAM VEERA,,7/9/2019,12:00:00 AM,GR,ASPEN
110174,7/9/2019,12:00:00 AM,48,CFTNPBD,TEST,BLD,,MILLERS CAPITAL INSURANCE CO,ACTIVE,CONF,MANIKANTAN NAMASIVAYAM VEERA,EBRS,7/11/2019,12:00:00 AM,GR,ASPEN
110174,7/9/2019,12:00:00 AM,48,CFT9JRM,TEST,BLD,,MILLERS CAPITAL INSURANCE CO,ACTIVE,CONF,MANIKANTAN NAMASIVAYAM VEERA,,7/11/2019,12:00:00 AM,GR,ASPEN
110174,7/8/2019,8:00:00 AM,24,CFTNPBD,SETUP,BLD,,MILLERS CAPITAL INSURANCE CO CS Setup,CANCEL,CONF,MANIKANTAN NAMASIVAYAM VEERA,,7/9/2019,8:00:00 AM,GR,ASPEN
110174,7/9/2019,8:00:00 AM,48,CFT9JRM,TEST,BLD,,MILLERS CAPITAL INSURANCE CO,CANCEL,CONF,MANIKANTAN NAMASIVAYAM VEERA,,7/11/2019,8:00:00 AM,GR,ASPEN
110174,7/9/2019,8:00:00 AM,48,CFTNPBD,TEST,BLD,,MILLERS CAPITAL INSURANCE CO,CANCEL,CONF,MANIKANTAN NAMASIVAYAM VEERA,EBRS,7/11/2019,8:00:00 AM,GR,ASPEN
110180,8/26/2019,8:00:00 AM,72,CFTK6YK,TEST,RTP,,IGA GENERAL LEDGER,ACTIVE,CONF,Noor Mohammed,,8/29/2019,8:00:00 AM,GR,KILL_DEVIL_HILLS
110180,8/26/2019,8:00:00 AM,72,CFTK6ZK,TEST,RTP,,IGA GENERAL LEDGER,ACTIVE,CONF,Noor Mohammed,,8/29/2019,8:00:00 AM,GR,KILL_DEVIL_HILLS
110180,8/26/2019,8:00:00 AM,72,2J35121,TEST,RTP,,IGA SAP PP1,ACTIVE,CONF,Noor Mohammed,,8/29/2019,8:00:00 AM,GR,KILL_DEVIL_HILLS
110185,6/14/2019,12:00:00 AM,24,CFT0X4R,TEST,RTP,,MIAMI PARKING AUTHORITY,ACTIVE,CONF,Udaya Rajanna,,6/15/2019,12:00:00 AM,GR,KITTY_HAWK
110191,10/9/2019,8:00:00 AM,48,CFT2CNF,TEST,COL,IRU STF,BMW FINANCIAL SERVICES NA LLC,ACTIVE,CONF,Udaya Rajanna,EBRS ACD,10/11/2019,8:00:00 AM,GR,SUITE-A SUITE-B
110192,3/31/2019,12:00:00 AM,32,R31417,SETUP,RTP,,IGA TRI-STATE native set-up,ACTIVE,CONF,Daljeet Singh,,4/1/2019,8:00:00 AM,GR,KITTY_HAWK
110192,4/1/2019,8:00:00 AM,120,R31417,TEST,RTP,,IGA TRI-STATE,ACTIVE,CONF,Daljeet Singh,,4/6/2019,8:00:00 AM,GR,KITTY_HAWK
110196,8/12/2019,8:00:00 AM,48,AK00702,TEST,BLD,,IGA SILICON VALLEY LABS,ACTIVE,CONF,Daljeet Singh,,8/14/2019,8:00:00 AM,GR,OFFICE-227 STEAMBOAT
110196,9/16/2019,8:00:00 AM,48,AK00702,TEST,BLD,,IGA SILICON VALLEY LABS,CANCEL,WIP,Daljeet Singh,,9/18/2019,8:00:00 AM,GR,OFFICE-227 STEAMBOAT
110200,7/10/2019,12:00:00 AM,32,CFTDFJS,SETUP,STF,,IGA WWD Shark set-up,ACTIVE,CONF,Noor Mohammed,,7/11/2019,8:00:00 AM,GR,
110200,7/11/2019,8:00:00 AM,24,CFTDFJS,TEST,STF,,IGA WWD,ACTIVE,CONF,Noor Mohammed,,7/12/2019,8:00:00 AM,GR,C
110200,7/11/2019,8:00:00 AM,24,CFT2J5M,TEST,STF,,IGA WWD,ACTIVE,CONF,Noor Mohammed,EBRS,7/12/2019,8:00:00 AM,GR,CHESTNUT
110200,7/12/2019,8:00:00 AM,24,CFTDFJS,SETUP,STF,,IGA WWD Shark brk dwn,ACTIVE,CONF,Noor Mohammed,,7/13/2019,8:00:00 AM,GR,
110207,4/2/2019,12:00:00 AM,32,CFTDWDJ,SETUP,STF,,RAINBOW APPARELS CO Shark set-up,ACTIVE,CONF,Ajas Abdulsalam,,4/3/2019,8:00:00 AM,GR,
110207,4/2/2019,8:00:00 AM,24,CFTDWFJ,SETUP,STF,IRU,RAINBOW APPARELS CO VDI  PC set-up,ACTIVE,CONF,Ajas Abdulsalam,,4/3/2019,8:00:00 AM,GR,FIR
110207,4/3/2019,12:00:00 AM,8,CFTDWDJ,SETUP,STF,,RAINBOW APPARELS CO LPAR set - up,ACTIVE,CONF,Ajas Abdulsalam,,4/3/2019,8:00:00 AM,GR,FIR
110207,4/3/2019,8:00:00 AM,20,CFTDWDJ,TEST,STF,,RAINBOW APPARELS CO,ACTIVE,CONF,Ajas Abdulsalam,EBRS,4/4/2019,4:00:00 AM,GR,FIR G-D/S
110207,4/3/2019,8:00:00 AM,20,CFTDWFJ,TEST,STF,IRU,RAINBOW APPARELS CO,ACTIVE,CONF,Ajas Abdulsalam,,4/4/2019,4:00:00 AM,GR,FIR
110207,4/4/2019,4:00:00 AM,8,CFTDWDJ,SETUP,STF,,RAINBOW APPARELS CO LPAR brk dwn,ACTIVE,CONF,Ajas Abdulsalam,,4/4/2019,12:00:00 PM,GR,FIR
110207,4/4/2019,4:00:00 AM,24,CFTDWDJ,SETUP,STF,,RAINBOW APPARELS CO Shark brk dwn,ACTIVE,CONF,Ajas Abdulsalam,,4/5/2019,4:00:00 AM,GR,
110209,6/11/2019,12:00:00 AM,8,CFTPA6M,SETUP,STF,,ASCO VALVE INC c/s set-up,ACTIVE,CONF,Virupaksheswara Ramapragada,,6/11/2019,8:00:00 AM,GR,BIRCH
110209,6/11/2019,8:00:00 AM,16,CFTY4CM,TEST,STF,,ASCO VALVE INC,ACTIVE,CONF,Virupaksheswara Ramapragada,EBRS,6/12/2019,12:00:00 AM,GR,
110209,6/11/2019,8:00:00 AM,16,CFTPA6M,TEST,STF,IRU,ASCO VALVE INC,ACTIVE,CONF,Virupaksheswara Ramapragada,,6/12/2019,12:00:00 AM,GR,BIRCH
110209,6/10/2019,8:00:00 PM,8,CFTPA8M,SETUP,STF,,ASCO VALVE INC LPAR set-up,CANCEL,CONF,Virupaksheswara Ramapragada,,6/11/2019,4:00:00 AM,GR,BIRCH
110209,6/11/2019,4:00:00 AM,16,CFTPA8M,TEST,STF,,ASCO VALVE INC,CANCEL,CONF,Virupaksheswara Ramapragada,,6/11/2019,8:00:00 PM,GR,BIRCH
110209,6/11/2019,8:00:00 PM,8,CFTPA8M,SETUP,STF,,ASCO VALVE INC LPAR brk dwn,CANCEL,CONF,Virupaksheswara Ramapragada,,6/12/2019,4:00:00 AM,GR,BIRCH
110212,9/8/2019,12:00:00 AM,32,CFTZ4JD,SETUP,STF,,MVP HEALTH PLAN INC dasd setup,ACTIVE,CONF,JATINDRA DASH,,9/9/2019,8:00:00 AM,GR,
110212,9/8/2019,4:00:00 AM,28,CFTZ46D,SETUP,STF,,MVP HEALTH PLAN INC cs setup,ACTIVE,CONF,JATINDRA DASH,,9/9/2019,8:00:00 AM,GR,
110212,9/9/2019,8:00:00 AM,104,CFTZ46D,TEST,STF,,MVP HEALTH PLAN INC,ACTIVE,CONF,JATINDRA DASH,,9/13/2019,4:00:00 PM,GR,HEMLOCK
110212,9/9/2019,8:00:00 AM,104,CFTZ4RD,TEST,STF,,MVP HEALTH PLAN INC,ACTIVE,CONF,JATINDRA DASH,,9/13/2019,4:00:00 PM,GR,
110212,9/9/2019,8:00:00 AM,104,CFTZ4JD,TEST,STF,,MVP HEALTH PLAN INC,ACTIVE,CONF,JATINDRA DASH,,9/13/2019,4:00:00 PM,GR,
110212,9/9/2019,8:00:00 AM,106,CFT0N4Q,TEST,STF,,MVP HEALTH PLAN INC,ACTIVE,CONF,JATINDRA DASH,EBRS,9/13/2019,6:00:00 PM,GR,
110212,9/9/2019,8:00:00 AM,106,CFTFCLR,TEST,STF,,MVP HEALTH PLAN INC,ACTIVE,CONF,JATINDRA DASH,,9/13/2019,6:00:00 PM,GR,HEMLOCK
110212,9/13/2019,4:00:00 PM,24,CFTZ4JD,BREAKDWN,STF,,MVP HEALTH PLAN INC dasd breakdown,ACTIVE,CONF,JATINDRA DASH,,9/14/2019,4:00:00 PM,GR,
110215,5/5/2019,2:00:00 PM,18,CFT2N7D,SETUP,BLD,,MID AMERICA COMPUTER CORP Blade setup -,ACTIVE,CONF,Noor Mohammed,,5/6/2019,8:00:00 AM,GR,SNOWMASS
110215,5/6/2019,8:00:00 AM,72,CFT2N7D,TEST,BLD,,MID AMERICA COMPUTER CORP,ACTIVE,CONF,Noor Mohammed,EBRS,5/9/2019,8:00:00 AM,GR,SNOWMASS
110215,5/13/2019,8:00:00 AM,48,CFT2N7D,TEST,BLD,,MID AMERICA COMPUTER CORP,CANCEL,PEND,Noor Mohammed,EBRS,5/15/2019,8:00:00 AM,GR,SNOWMASS
110225,7/18/2019,8:00:00 AM,72,CFT2J5M,TEST,STF,,IGA WWD,CANCEL,PEND,Noor Mohammed,EBRS,7/21/2019,8:00:00 AM,,ASH
110225,7/18/2019,8:00:00 AM,72,CFT2J5M,TEST,STF,,IGA WWD,CANCEL,WIP,Noor Mohammed,EBRS,7/21/2019,8:00:00 AM,,ASH
110225,7/25/2019,8:00:00 AM,72,CFT2J5M,TEST,STF,,IGA WWD,CANCEL,WIP,Noor Mohammed,EBRS,7/28/2019,8:00:00 AM,,ASH
110225,7/25/2019,8:00:00 AM,72,CFT2J5M,TEST,STF,,IGA WWD,CANCEL,PEND,Noor Mohammed,EBRS,7/28/2019,8:00:00 AM,,ASH
110227,10/14/2019,4:00:00 PM,16,CFTPA6M,SETUP,STF,IRU,ASCO VALVE INC VDI & C/S set-up,ACTIVE,CONF,Virupaksheswara Ramapragada,,10/15/2019,8:00:00 AM,GR,BIRCH
110227,10/15/2019,8:00:00 AM,16,CFTY4CM,TEST,STF,,ASCO VALVE INC,ACTIVE,CONF,Virupaksheswara Ramapragada,EBRS,10/16/2019,12:00:00 AM,GR,
110227,10/15/2019,8:00:00 AM,16,CFTPA6M,TEST,STF,IRU,ASCO VALVE INC,ACTIVE,CONF,Virupaksheswara Ramapragada,,10/16/2019,12:00:00 AM,GR,BIRCH
110232,4/28/2019,12:00:00 AM,32,CFTDC5S,SETUP,RTP,,IGA GDLVSCL1 Native set-up,ACTIVE,CONF,Daljeet Singh,NATIV,4/29/2019,8:00:00 AM,GR,KITTY_HAWK
110232,4/29/2019,8:00:00 AM,48,CFTDC5S,TEST,RTP,,IGA GDLVSCL1,ACTIVE,CONF,Daljeet Singh,NATIV,5/1/2019,8:00:00 AM,GR,KITTY_HAWK
110233,10/16/2019,12:00:00 AM,32,M31506,SETUP,RTP,,IGA SSI/STF MVS1 Native set-up,ACTIVE,CONF,Noor Mohammed,XSITE NATIV,10/17/2019,8:00:00 AM,GR,CHIMNEY_ROCK
110233,10/18/2019,8:00:00 AM,168,M31506,TEST,RTP,,IGA SSI/STF MVS1,ACTIVE,CONF,Noor Mohammed,XSITE NATIV,10/25/2019,8:00:00 AM,GR,CHIMNEY_ROCK
110255,6/18/2019,8:00:00 AM,8,CFTM8WF,TEST,CHI,IRU STF,EDWARD DON & CO,ACTIVE,CONF,Virupaksheswara Ramapragada,EXP EBRS ACD,6/18/2019,4:00:00 PM,GR,EUS(WGR)3008 EUS(WGR)3009 EUS(WGR)3013 EUS(WGR)301
110257,7/30/2019,8:00:00 AM,120,CFTK6YK,TEST,RTP,,IGA GENERAL LEDGER,ACTIVE,CONF,Noor Mohammed,,8/4/2019,8:00:00 AM,GR,CAPE_LOOKOUT
110257,7/30/2019,8:00:00 AM,120,CFTNYWG,TEST,RTP,,IGA IGF GARS,ACTIVE,CONF,Noor Mohammed,,8/4/2019,8:00:00 AM,GR,CHIMNEY_ROCK
110257,7/30/2019,8:00:00 AM,120,CFTNZDG,TEST,RTP,,IGA IGF GARS,ACTIVE,CONF,Noor Mohammed,,8/4/2019,8:00:00 AM,GR,CHIMNEY_ROCK
110266,9/19/2019,5:00:00 PM,24,CFTD0KS,TEST,RTP,DAL IRU,PEPSICO INC,ACTIVE,CONF,Ajas Abdulsalam,EBRS,9/20/2019,5:00:00 PM,GR,
110266,9/19/2019,5:00:00 PM,24,CFTD0PS,TEST,RTP,IRU,PEPSI-COLA METROPOLITAN BOTTLING CO,ACTIVE,CONF,Ajas Abdulsalam,EBRS,9/20/2019,5:00:00 PM,GR,ALBEMARLE_SOUND
110266,9/19/2019,5:00:00 PM,24,CFTD0QS,TEST,RTP,,PEPSI-COLA METROPOLITAN BOTTLING CO,ACTIVE,CONF,Ajas Abdulsalam,,9/20/2019,5:00:00 PM,GR,ALBEMARLE_SOUND
110283,10/28/2019,8:00:00 AM,345,CFTZ19Q,SETUP,STF,IRU,AMALGAMATED LIFE INSURANCE CO INC C/S Bl,ACTIVE,CONF,Ajas Abdulsalam,,11/11/2019,4:00:00 PM,GR,FIR
110283,10/28/2019,8:00:00 AM,345,CFTZ14Q,SETUP,STF,IRU,AMALGAMATED LIFE INSURANCE CO INC BaaS s,ACTIVE,CONF,Ajas Abdulsalam,EBRS,11/11/2019,4:00:00 PM,GR,KATSURA LINDEN
110283,10/28/2019,8:00:00 AM,345,CFTDY0R,SETUP,STF,,AMALGAMATED LIFE INSURANCE CO INC BaaS S,ACTIVE,CONF,Ajas Abdulsalam,,11/11/2019,4:00:00 PM,GR,
110283,10/28/2019,8:00:00 AM,345,CFTZ11Q,SETUP,STF,BOS IRU,AMALGAMATED LIFE INSURANCE CO INC BaaS S,ACTIVE,CONF,Ajas Abdulsalam,,11/11/2019,4:00:00 PM,GR,
110283,10/28/2019,8:00:00 AM,345,CFTZ12Q,SETUP,STF,,AMALGAMATED LIFE INSURANCE CO INC BaaS s,ACTIVE,CONF,Ajas Abdulsalam,,11/11/2019,4:00:00 PM,GR,
110283,10/28/2019,8:00:00 AM,345,CFTZ15Q,SETUP,STF,,AMALGAMATED LIFE INSURANCE CO INC BaaS s,ACTIVE,CONF,Ajas Abdulsalam,EBRS,11/11/2019,4:00:00 PM,GR,FIR
110283,10/28/2019,8:00:00 AM,345,CFT0N9Q,SETUP,STF,IRU,AMALGAMATED LIFE INSURANCE CO INC BaaS s,ACTIVE,CONF,Ajas Abdulsalam,,11/11/2019,4:00:00 PM,GR,
110283,10/30/2019,8:00:00 AM,297,CFTZ11Q,SETUP,STF,IRU,AMALGAMATED LIFE INSURANCE CO INC VLAN72,ACTIVE,CONF,Ajas Abdulsalam,,11/11/2019,4:00:00 PM,GR,
110283,11/11/2019,4:00:00 PM,72,CFTZ14Q,TEST,STF,IRU,AMALGAMATED LIFE INSURANCE CO INC,ACTIVE,CONF,Ajas Abdulsalam,EBRS,11/14/2019,4:00:00 PM,GR,BLRM IRONWOOD KATSURA LINDEN MAPLE
110283,11/11/2019,4:00:00 PM,72,CFTZ19Q,TEST,STF,IRU,AMALGAMATED LIFE INSURANCE CO INC,ACTIVE,CONF,Ajas Abdulsalam,,11/14/2019,4:00:00 PM,GR,FIR HEMLOCK
110283,11/11/2019,4:00:00 PM,72,CFTZ12Q,TEST,STF,,AMALGAMATED LIFE INSURANCE CO INC,ACTIVE,CONF,Ajas Abdulsalam,,11/14/2019,4:00:00 PM,GR,HEMLOCK JUNIPER
110283,11/11/2019,4:00:00 PM,72,CFTDY0R,TEST,STF,,AMALGAMATED LIFE INSURANCE CO INC,ACTIVE,CONF,Ajas Abdulsalam,,11/14/2019,4:00:00 PM,GR,
110283,11/11/2019,4:00:00 PM,72,CFT0N9Q,OTHERSVC,STF,,AMALGAMATED LIFE INSURANCE CO INC,ACTIVE,CONF,Ajas Abdulsalam,,11/14/2019,4:00:00 PM,GR,
110283,11/11/2019,4:00:00 PM,72,CFTZ11Q,TEST,STF,BOS IRU,AMALGAMATED LIFE INSURANCE CO INC,ACTIVE,CONF,Ajas Abdulsalam,,11/14/2019,4:00:00 PM,GR,
110283,11/11/2019,4:00:00 PM,72,CFTZ15Q,TEST,STF,,AMALGAMATED LIFE INSURANCE CO INC,ACTIVE,CONF,Ajas Abdulsalam,EBRS,11/14/2019,4:00:00 PM,GR,FIR HEMLOCK
110283,11/13/2019,10:00:00 AM,30,CFTZ13Q,TEST,BOS,IRU STF,AMALGAMATED LIFE INSURANCE CO INC,ACTIVE,CONF,Ajas Abdulsalam,EBRS,11/14/2019,4:00:00 PM,GR,LAS
110283,11/4/2019,12:00:00 PM,20,CFTZ19Q,SETUP,STF,,AMALGAMATED LIFE INSURANCE CO INC C/SA s,CANCEL,WIP,Ajas Abdulsalam,EXP,11/5/2019,8:00:00 AM,GR,BLRM DOGWOOD GOLDENLARCH HEMLOCK
110283,11/5/2019,8:00:00 AM,60,CFTDY0R,TEST,STF,,AMALGAMATED LIFE INSURANCE CO INC,CANCEL,WIP,Ajas Abdulsalam,EXP,11/7/2019,8:00:00 PM,GR,
110283,11/5/2019,8:00:00 AM,60,CFTZ14Q,TEST,STF,IRU,AMALGAMATED LIFE INSURANCE CO INC,CANCEL,WIP,Ajas Abdulsalam,EXP EBRS,11/7/2019,8:00:00 PM,GR,BLRM DOGWOOD GOLDENLARCH
110283,11/5/2019,8:00:00 AM,60,CFTZ19Q,TEST,STF,,AMALGAMATED LIFE INSURANCE CO INC,CANCEL,WIP,Ajas Abdulsalam,EXP,11/7/2019,8:00:00 PM,GR,DOGWOOD HEMLOCK
110283,11/5/2019,8:00:00 AM,60,CFTZ15Q,TEST,STF,,AMALGAMATED LIFE INSURANCE CO INC,CANCEL,WIP,Ajas Abdulsalam,EXP EBRS,11/7/2019,8:00:00 PM,GR,FIR HEMLOCK
110283,11/5/2019,8:00:00 AM,60,CFTZ12Q,TEST,STF,,AMALGAMATED LIFE INSURANCE CO INC,CANCEL,WIP,Ajas Abdulsalam,EXP,11/7/2019,8:00:00 PM,GR,HEMLOCK JUNIPER
110283,11/5/2019,8:00:00 AM,60,CFTZ11Q,TEST,STF,BOS IRU,AMALGAMATED LIFE INSURANCE CO INC,CANCEL,WIP,Ajas Abdulsalam,EXP,11/7/2019,8:00:00 PM,GR,
110283,11/5/2019,8:00:00 AM,60,CFT0N9Q,OTHERSVC,STF,,AMALGAMATED LIFE INSURANCE CO INC,CANCEL,WIP,Ajas Abdulsalam,EXP,11/7/2019,8:00:00 PM,GR,
110283,11/6/2019,8:00:00 AM,36,CFTZ13Q,TEST,BOS,IRU STF,AMALGAMATED LIFE INSURANCE CO INC,CANCEL,WIP,Ajas Abdulsalam,EXP EBRS,11/7/2019,8:00:00 PM,GR,LAS
110283,11/18/2019,12:00:00 PM,20,CFTZ19Q,SETUP,STF,,AMALGAMATED LIFE INSURANCE CO INC C/SA s,CANCEL,WIP,Ajas Abdulsalam,EXP,11/19/2019,8:00:00 AM,GR,BLRM FIR HEMLOCK
110283,11/19/2019,8:00:00 AM,60,CFTZ11Q,TEST,STF,BOS IRU,AMALGAMATED LIFE INSURANCE CO INC,CANCEL,WIP,Ajas Abdulsalam,EXP,11/21/2019,8:00:00 PM,GR,
110283,11/19/2019,8:00:00 AM,60,CFTDY0R,TEST,STF,,AMALGAMATED LIFE INSURANCE CO INC,CANCEL,WIP,Ajas Abdulsalam,EXP,11/21/2019,8:00:00 PM,GR,
110283,11/19/2019,8:00:00 AM,60,CFT0N9Q,OTHERSVC,STF,,AMALGAMATED LIFE INSURANCE CO INC,CANCEL,WIP,Ajas Abdulsalam,EXP,11/21/2019,8:00:00 PM,GR,
110283,11/19/2019,8:00:00 AM,60,CFTZ14Q,TEST,STF,IRU,AMALGAMATED LIFE INSURANCE CO INC,CANCEL,WIP,Ajas Abdulsalam,EXP EBRS,11/21/2019,8:00:00 PM,GR,BLRM IRONWOOD NECTARINE
110283,11/19/2019,8:00:00 AM,60,CFTZ19Q,TEST,STF,,AMALGAMATED LIFE INSURANCE CO INC,CANCEL,WIP,Ajas Abdulsalam,EXP,11/21/2019,8:00:00 PM,GR,FIR HEMLOCK
110283,11/19/2019,8:00:00 AM,60,CFTZ15Q,TEST,STF,,AMALGAMATED LIFE INSURANCE CO INC,CANCEL,WIP,Ajas Abdulsalam,EXP EBRS,11/21/2019,8:00:00 PM,GR,FIR HEMLOCK
110283,11/19/2019,8:00:00 AM,60,CFTZ12Q,TEST,STF,,AMALGAMATED LIFE INSURANCE CO INC,CANCEL,WIP,Ajas Abdulsalam,EXP,11/21/2019,8:00:00 PM,GR,HEMLOCK JUNIPER
110283,11/20/2019,8:00:00 AM,36,CFTZ13Q,TEST,BOS,IRU STF,AMALGAMATED LIFE INSURANCE CO INC,CANCEL,WIP,Ajas Abdulsalam,EXP EBRS,11/21/2019,8:00:00 PM,GR,LAS
110284,4/3/2019,4:00:00 PM,"2,112",INTSTF01,MAINT,STF,,NLyte POC,ACTIVE,CONF,Kristy Varga,,6/30/2019,4:00:00 PM,,
110293,3/15/2020,4:00:00 AM,32,CFTBJVP,SETUP,STF,,GERBER LIFE INSURANCE CO Shark set-up,CANCEL,CONF,Virupaksheswara Ramapragada,,3/16/2020,12:00:00 PM,,
110293,3/16/2020,12:00:00 PM,60,CFTBJVP,TEST,STF,,GERBER LIFE INSURANCE CO,CANCEL,CONF,Virupaksheswara Ramapragada,,3/19/2020,12:00:00 AM,,A
110293,3/19/2020,12:00:00 AM,24,CFTBJVP,BREAKDWN,STF,,GERBER LIFE INSURANCE CO Shark Brk dwn,CANCEL,CONF,Virupaksheswara Ramapragada,,3/20/2020,12:00:00 AM,,
110300,9/25/2019,8:00:00 AM,4,CFTLK6R,NETTEST,BLD,CHI IRU,HARBOR CAPITAL ADVISORS INC,ACTIVE,CONF,Bonda Madhusudana Rao,EXP EBRS,9/25/2019,12:00:00 PM,GR,
110300,9/25/2019,9:00:00 AM,4,CFTCXXN,NETTEST,CHI,BLD,HARBOR CAPITAL ADVISORS INC,ACTIVE,CONF,Bonda Madhusudana Rao,EXP EBRS,9/25/2019,1:00:00 PM,GR,EUS(WGR)3008 EUS(WGR)3009
110300,9/18/2019,6:00:00 AM,4,CFTLK6R,NETTEST,BLD,CHI IRU,HARBOR CAPITAL ADVISORS INC,CANCEL,WIP,Bonda Madhusudana Rao,EXP EBRS,9/18/2019,10:00:00 AM,GR,
110300,9/18/2019,7:00:00 AM,4,CFTCXXN,NETTEST,CHI,BLD,HARBOR CAPITAL ADVISORS INC,CANCEL,WIP,Bonda Madhusudana Rao,EXP EBRS,9/18/2019,11:00:00 AM,GR,EUS(WGR)3008 EUS(WGR)3009
110301,9/27/2019,5:00:00 AM,12,CFTLK6R,TEST,BLD,CHI IRU,HARBOR CAPITAL ADVISORS INC,ACTIVE,CONF,Bonda Madhusudana Rao,EXP EBRS,9/27/2019,5:00:00 PM,GR,
110301,9/27/2019,6:00:00 AM,12,CFTCXXN,TEST,CHI,BLD,HARBOR CAPITAL ADVISORS INC,ACTIVE,CONF,Bonda Madhusudana Rao,EXP EBRS,9/27/2019,6:00:00 PM,GR,EUS(WGR)3008 EUS(WGR)3009
110301,9/20/2019,5:00:00 AM,12,CFTLK6R,TEST,BLD,CHI IRU,HARBOR CAPITAL ADVISORS INC,CANCEL,WIP,Bonda Madhusudana Rao,EXP EBRS,9/20/2019,5:00:00 PM,GR,
110301,9/20/2019,6:00:00 AM,12,CFTCXXN,TEST,CHI,BLD,HARBOR CAPITAL ADVISORS INC,CANCEL,WIP,Bonda Madhusudana Rao,EXP EBRS,9/20/2019,6:00:00 PM,GR,EUS(WGR)3008 EUS(WGR)3009
110306,8/22/2019,12:00:00 AM,32,CFTDFJS,SETUP,STF,,IGA WWD DASD set-up,ACTIVE,CONF,Noor Mohammed,,8/23/2019,8:00:00 AM,GR,
110306,8/23/2019,8:00:00 AM,72,CFTDFJS,TEST,STF,,IGA WWD,ACTIVE,CONF,Noor Mohammed,,8/26/2019,8:00:00 AM,GR,D
110306,8/23/2019,8:00:00 AM,72,CFT2J5M,TEST,STF,,IGA WWD,ACTIVE,CONF,Noor Mohammed,EBRS,8/26/2019,8:00:00 AM,GR,NECTARINE
110306,8/26/2019,8:00:00 AM,24,CFTDFJS,BREAKDWN,STF,,IGA WWD Dasd break down,ACTIVE,CONF,Noor Mohammed,,8/27/2019,8:00:00 AM,GR,
110306,7/23/2019,12:00:00 AM,32,CFTDFJS,SETUP,STF,,IGA WWD DASD set-up,CANCEL,PEND,Noor Mohammed,,7/24/2019,8:00:00 AM,GR,
110306,7/24/2019,8:00:00 AM,72,CFT2J5M,TEST,STF,,IGA WWD,CANCEL,PEND,Noor Mohammed,EBRS,7/27/2019,8:00:00 AM,GR,CHESTNUT
110306,7/24/2019,8:00:00 AM,72,CFTDFJS,TEST,STF,,IGA WWD,CANCEL,PEND,Noor Mohammed,,7/27/2019,8:00:00 AM,GR,C
110306,7/27/2019,8:00:00 AM,24,CFTDFJS,BREAKDWN,STF,,IGA WWD Dasd break down,CANCEL,PEND,Noor Mohammed,,7/28/2019,8:00:00 AM,GR,
110307,8/19/2019,12:00:00 AM,8,CFTDFKS,SETUP,STF,,IGA N IBM CREDIT LLC LPAR SETUP,ACTIVE,CONF,Daljeet Singh,,8/19/2019,8:00:00 AM,GR,BIRCH
110307,8/19/2019,8:00:00 AM,120,CFTDFKS,TEST,STF,,IGA N IBM CREDIT LLC,ACTIVE,CONF,Daljeet Singh,,8/24/2019,8:00:00 AM,GR,BIRCH
110307,8/24/2019,8:00:00 AM,8,CFTDFKS,BREAKDWN,STF,,IGA N IBM CREDIT LLC LPAR breakdown,ACTIVE,CONF,Daljeet Singh,,8/24/2019,4:00:00 PM,GR,BIRCH
110315,5/17/2019,4:00:00 PM,16,CFT8ALK,SETUP,STF,,STATE BANK OF INDIA VDI set-up,CANCEL,PEND,Daljeet Singh,,5/18/2019,8:00:00 AM,,VENUS
110315,5/18/2019,8:00:00 AM,8,CFT8ALK,TEST,STF,IRU,STATE BANK OF INDIA,CANCEL,PEND,Daljeet Singh,EBRS,5/18/2019,4:00:00 PM,,VENUS
110320,6/26/2019,8:00:00 AM,12,1088Q,TEST,STF,IRU,OVERSEA-CHINESE BANKING CORP LTD,ACTIVE,CONF,Ajas Abdulsalam,EBRS,6/26/2019,8:00:00 PM,GR,ELM
110321,10/25/2019,8:00:00 AM,12,1088Q,TEST,STF,IRU,OVERSEA-CHINESE BANKING CORP LTD,ACTIVE,CONF,Ajas Abdulsalam,EBRS,10/25/2019,8:00:00 PM,GR,ELM
110321,10/18/2019,8:00:00 AM,12,1088Q,TEST,STF,IRU,OVERSEA-CHINESE BANKING CORP LTD,CANCEL,PEND,Ajas Abdulsalam,EBRS,10/18/2019,8:00:00 PM,GR,ELM
110321,11/8/2019,10:00:00 AM,8,1088Q,TEST,STF,IRU,OVERSEA-CHINESE BANKING CORP LTD,CANCEL,WIP,Ajas Abdulsalam,EBRS,11/8/2019,6:00:00 PM,GR,ELM
110321,11/12/2019,8:00:00 AM,12,1088Q,TEST,STF,IRU,OVERSEA-CHINESE BANKING CORP LTD,CANCEL,WIP,Ajas Abdulsalam,EBRS,11/12/2019,8:00:00 PM,GR,ELM
110325,11/11/2019,7:00:00 AM,48,P55301,TEST,BLD,,DO IT BEST CORP,ACTIVE,CONF,Udaya Rajanna,,11/13/2019,7:00:00 AM,GR,BRECKENRIDGE OFFICE-229
110325,11/11/2019,7:00:00 AM,48,CFTKB8E,TEST,BLD,,DO IT BEST CORP,ACTIVE,CONF,Udaya Rajanna,,11/13/2019,7:00:00 AM,GR,BRECKENRIDGE
110331,10/7/2019,8:00:00 AM,72,CFTFZWC,TEST,BLD,,CADENCE DESIGN SYSTEMS INC,ACTIVE,CONF,MANIKANTAN NAMASIVAYAM VEERA,EBRS,10/10/2019,8:00:00 AM,GR,BRECKENRIDGE
110331,10/7/2019,8:00:00 AM,72,CFTFZVC,RRTEST,BLD,,CADENCE DESIGN SYSTEMS INC,ACTIVE,CONF,MANIKANTAN NAMASIVAYAM VEERA,,10/10/2019,8:00:00 AM,GR,
110332,7/27/2019,8:00:00 AM,8,CFT60MF,TEST,ATL,IRU RTP STF,ATLANTA CAPITAL MANAGEMENT INC,ACTIVE,CONF,JATINDRA DASH,EBRS ACD,7/27/2019,4:00:00 PM,GR,B15-23
110333,8/17/2019,8:00:00 AM,8,CFT60MF,TEST,ATL,IRU RTP STF,ATLANTA CAPITAL MANAGEMENT INC,ACTIVE,CONF,JATINDRA DASH,EBRS ACD,8/17/2019,4:00:00 PM,GR,B15-23
110353,10/9/2019,1:00:00 PM,4,CFTVMCL,NETTEST,STF,BLD IRU,IGA W ROCHESTER MN,ACTIVE,CONF,Daljeet Singh,,10/9/2019,5:00:00 PM,GR,
110364,7/15/2019,8:00:00 AM,4,CFTT8CR,NETTEST,BLD,,COGNIZANT TECHNOLOGY SOLUTIONS US,ACTIVE,CONF,JATINDRA DASH,EBRS,7/15/2019,12:00:00 PM,GR,OFFICE-231 STEAMBOAT
110364,7/1/2019,8:00:00 AM,4,CFTT8CR,NETTEST,BLD,,COGNIZANT TECHNOLOGY SOLUTIONS US,CANCEL,WIP,JATINDRA DASH,EBRS,7/1/2019,12:00:00 PM,GR,OFFICE-231 STEAMBOAT
110365,8/13/2019,8:00:00 AM,96,2J26516,TEST,BLD,,IGS IBM SOFTWARE GROUP DSW SAP,ACTIVE,CONF,Noor Mohammed,,8/17/2019,8:00:00 AM,GR,ELDORA
110365,8/13/2019,8:00:00 AM,96,CFTK6YK,TEST,BLD,,IGA GENERAL LEDGER,ACTIVE,CONF,Noor Mohammed,XSITE,8/17/2019,8:00:00 AM,GR,ELDORA
110381,8/24/2019,1:00:00 PM,24,CFTBL6Q,SETUP,STF,,BANCO ITAU EUROPA SA VDI set-up,ACTIVE,CONF,Bonda Madhusudana Rao,XSITE,8/25/2019,1:00:00 PM,GR,BLRM BOWLINGALLEY JUNIPER
110381,8/25/2019,1:00:00 PM,4,CFTBL6Q,NETTEST,STF,ATL IRU RTP,BANCO ITAU EUROPA SA,ACTIVE,CONF,Bonda Madhusudana Rao,XSITE EBRS,8/25/2019,5:00:00 PM,GR,BLRM BOWLINGALLEY JUNIPER
110381,7/27/2019,1:00:00 PM,4,CFTBL6Q,NETTEST,STF,IRU RTP,BANCO ITAU EUROPA SA,CANCEL,PEND,Bonda Madhusudana Rao,XSITE EBRS,7/27/2019,5:00:00 PM,GR,BLRM BOWLINGALLEY JUNIPER
110381,8/10/2019,1:00:00 PM,24,CFTBL6Q,SETUP,STF,,BANCO ITAU EUROPA SA VDI set-up,CANCEL,PEND,Bonda Madhusudana Rao,XSITE,8/11/2019,1:00:00 PM,GR,BLRM BOWLINGALLEY JUNIPER
110381,8/11/2019,1:00:00 PM,4,CFTBL6Q,NETTEST,STF,IRU RTP,BANCO ITAU EUROPA SA,CANCEL,PEND,Bonda Madhusudana Rao,XSITE EBRS,8/11/2019,5:00:00 PM,GR,BLRM BOWLINGALLEY JUNIPER
110381,8/24/2019,1:00:00 PM,24,CFTBL6Q,SETUP,STF,,BANCO ITAU EUROPA SA VDI set-up,CANCEL,CONF,Bonda Madhusudana Rao,XSITE,8/25/2019,1:00:00 PM,GR,BLRM BOWLINGALLEY JUNIPER
110381,8/25/2019,1:00:00 PM,4,CFTBL6Q,NETTEST,STF,ATL IRU RTP,BANCO ITAU EUROPA SA,CANCEL,CONF,Bonda Madhusudana Rao,XSITE EBRS,8/25/2019,5:00:00 PM,GR,BLRM BOWLINGALLEY JUNIPER
110382,8/25/2019,12:00:00 PM,21,CFTBL6Q,SETUP,STF,,BANCO ITAU EUROPA SA VDI set-up,ACTIVE,CONF,Bonda Madhusudana Rao,XSITE,8/26/2019,9:00:00 AM,GR,BLRM BOWLINGALLEY JUNIPER
110382,8/26/2019,9:00:00 AM,24,CFTBL6Q,TEST,STF,ATL IRU RTP,BANCO ITAU EUROPA SA,ACTIVE,CONF,Bonda Madhusudana Rao,XSITE EBRS,8/27/2019,9:00:00 AM,GR,BLRM BOWLINGALLEY JUNIPER
110382,8/11/2019,12:00:00 PM,21,CFTBL6Q,SETUP,STF,,BANCO ITAU EUROPA SA VDI set-up,CANCEL,PEND,Bonda Madhusudana Rao,XSITE,8/12/2019,9:00:00 AM,GR,BLRM BOWLINGALLEY JUNIPER
110382,8/12/2019,9:00:00 AM,24,CFTBL6Q,TEST,STF,IRU RTP,BANCO ITAU EUROPA SA,CANCEL,PEND,Bonda Madhusudana Rao,XSITE EBRS,8/13/2019,9:00:00 AM,GR,BLRM BOWLINGALLEY JUNIPER
110382,8/25/2019,12:00:00 PM,21,CFTBL6Q,SETUP,STF,,BANCO ITAU EUROPA SA VDI set-up,CANCEL,CONF,Bonda Madhusudana Rao,XSITE,8/26/2019,9:00:00 AM,GR,BLRM BOWLINGALLEY JUNIPER
110382,8/26/2019,9:00:00 AM,24,CFTBL6Q,TEST,STF,ATL IRU RTP,BANCO ITAU EUROPA SA,CANCEL,CONF,Bonda Madhusudana Rao,XSITE EBRS,8/27/2019,9:00:00 AM,GR,BLRM BOWLINGALLEY JUNIPER
110382,8/26/2019,9:00:00 AM,24,CFTBL6Q,TEST,STF,ATL RTP,BANCO ITAU EUROPA SA,CANCEL,PEND,Bonda Madhusudana Rao,XSITE,8/27/2019,9:00:00 AM,GR,BLRM BOWLINGALLEY
110387,11/7/2019,8:00:00 AM,36,8333Q,TEST,BLD,,DIXIELINE LUMBER CO,ACTIVE,CONF,Ajas Abdulsalam,EBRS,11/8/2019,8:00:00 PM,GR,ASPEN
110396,7/10/2019,8:00:00 AM,8,CFTY4CM,TEST,STF,,ASCO VALVE INC,ACTIVE,CONF,Virupaksheswara Ramapragada,EBRS,7/10/2019,4:00:00 PM,GR,
110396,7/10/2019,8:00:00 AM,8,CFTPA6M,TEST,STF,IRU,ASCO VALVE INC,ACTIVE,CONF,Virupaksheswara Ramapragada,,7/10/2019,4:00:00 PM,GR,LINDEN
110414,10/29/2019,8:00:00 AM,8,CFTM8WF,TEST,CHI,IRU STF,EDWARD DON & CO,ACTIVE,CONF,Virupaksheswara Ramapragada,EBRS ACD,10/29/2019,4:00:00 PM,GR,EUS(WGR)3008 EUS(WGR)3009
110419,10/29/2019,12:00:00 AM,48,CFT1D8R,TEST,RTP,,IGA S MPI/HSI,ACTIVE,CONF,Noor Mohammed,,10/31/2019,12:00:00 AM,GR,CHIMNEY_ROCK
110420,10/23/2019,11:00:00 PM,32,CFTDFFS,SETUP,STF,,RESIDEO TECHNOLOGIES INC dasd setup-,ACTIVE,CONF,Udaya Rajanna,,10/25/2019,7:00:00 AM,,
110420,10/25/2019,7:00:00 AM,12,CFTDFFS,TEST,STF,,RESIDEO TECHNOLOGIES INC,ACTIVE,CONF,Udaya Rajanna,,10/25/2019,7:00:00 PM,,A
110420,10/25/2019,7:00:00 PM,24,CFTDFFS,BREAKDWN,STF,,RESIDEO TECHNOLOGIES INC dasd brkdwn-,ACTIVE,CONF,Udaya Rajanna,,10/26/2019,7:00:00 PM,,
110429,10/20/2019,11:00:00 AM,21,CFTBL6Q,SETUP,STF,,BANCO ITAU EUROPA SA VDI set-up,ACTIVE,CONF,Bonda Madhusudana Rao,XSITE,10/21/2019,8:00:00 AM,GR,BLRM BOWLINGALLEY PINE
110429,10/21/2019,8:00:00 AM,4,CFTBL6Q,NETTEST,STF,IRU RTP,BANCO ITAU EUROPA SA,ACTIVE,CONF,Bonda Madhusudana Rao,XSITE EBRS,10/21/2019,12:00:00 PM,GR,BLRM BOWLINGALLEY PINE
110429,9/29/2019,3:00:00 AM,21,CFTBL6Q,SETUP,STF,,BANCO ITAU EUROPA SA VDI set-up,CANCEL,WIP,Bonda Madhusudana Rao,XSITE,9/30/2019,12:00:00 AM,GR,BLRM BOWLINGALLEY NECTARINE
110429,9/30/2019,12:00:00 AM,4,CFTBL6Q,NETTEST,STF,IRU RTP,BANCO ITAU EUROPA SA,CANCEL,WIP,Bonda Madhusudana Rao,XSITE EBRS,9/30/2019,4:00:00 AM,GR,BLRM BOWLINGALLEY NECTARINE
110429,10/14/2019,12:00:00 AM,4,CFTBL6Q,NETTEST,STF,IRU RTP,BANCO ITAU EUROPA SA,CANCEL,WIP,Bonda Madhusudana Rao,XSITE EBRS,10/14/2019,4:00:00 AM,GR,BLRM BOWLINGALLEY JUNIPER
110430,10/21/2019,12:00:00 PM,21,CFTBL6Q,SETUP,STF,,BANCO ITAU EUROPA SA VDI set-up,ACTIVE,CONF,Bonda Madhusudana Rao,XSITE,10/22/2019,9:00:00 AM,GR,BLRM BOWLINGALLEY PINE
110430,10/22/2019,9:00:00 AM,24,CFTBL6Q,TEST,STF,IRU RTP,BANCO ITAU EUROPA SA,ACTIVE,CONF,Bonda Madhusudana Rao,XSITE EBRS,10/23/2019,9:00:00 AM,GR,BLRM BOWLINGALLEY PINE
110430,9/30/2019,12:00:00 PM,21,CFTBL6Q,SETUP,STF,,BANCO ITAU EUROPA SA VDI set-up,CANCEL,WIP,Bonda Madhusudana Rao,XSITE,10/1/2019,9:00:00 AM,GR,BLRM BOWLINGALLEY NECTARINE
110430,10/1/2019,9:00:00 AM,24,CFTBL6Q,TEST,STF,IRU RTP,BANCO ITAU EUROPA SA,CANCEL,WIP,Bonda Madhusudana Rao,XSITE EBRS,10/2/2019,9:00:00 AM,GR,BLRM BOWLINGALLEY NECTARINE
110430,10/14/2019,12:00:00 PM,21,CFTBL6Q,SETUP,STF,,BANCO ITAU EUROPA SA VDI set-up,CANCEL,WIP,Bonda Madhusudana Rao,XSITE,10/15/2019,9:00:00 AM,GR,BLRM BOWLINGALLEY JUNIPER
110430,10/15/2019,9:00:00 AM,24,CFTBL6Q,TEST,STF,IRU RTP,BANCO ITAU EUROPA SA,CANCEL,WIP,Bonda Madhusudana Rao,XSITE EBRS,10/16/2019,9:00:00 AM,GR,BLRM BOWLINGALLEY JUNIPER
110454,8/21/2019,8:00:00 AM,4,CFTX8ZD,NETTEST,BLD,IRU,DOLE FOOD CO INC,ACTIVE,CONF,JATINDRA DASH,EBRS,8/21/2019,12:00:00 PM,GR,
110454,8/19/2019,8:00:00 AM,4,CFTX8ZD,NETTEST,BLD,IRU,DOLE FOOD CO INC,CANCEL,CONF,JATINDRA DASH,EBRS,8/19/2019,12:00:00 PM,GR,
110454,8/19/2019,9:00:00 AM,4,CFTYAND,NETTEST,BLD,,DOLE FOOD CO INC,CANCEL,CONF,JATINDRA DASH,,8/19/2019,1:00:00 PM,GR,VAIL
110456,10/18/2019,9:00:00 AM,4,CFTX8ZD,NETTEST,BLD,IRU,DOLE FOOD CO INC,ACTIVE,CONF,JATINDRA DASH,EBRS,10/18/2019,1:00:00 PM,GR,
110456,10/18/2019,9:00:00 AM,4,CFTYAND,NETTEST,BLD,,DOLE FOOD CO INC,ACTIVE,CONF,JATINDRA DASH,,10/18/2019,1:00:00 PM,GR,VAIL
110458,9/9/2019,8:00:00 AM,8,CFTD0KS,NETTEST,RTP,DAL IRU,PEPSICO INC,CANCEL,PEND,Ajas Abdulsalam,EBRS,9/9/2019,4:00:00 PM,,PAMLICO_SOUND
110472,9/15/2019,8:00:00 AM,24,CFTXPCC,SETUP,STF,,DELTA FAUCET C/S set-up,CANCEL,PEND,JATINDRA DASH,,9/16/2019,8:00:00 AM,GR,ELM
110472,9/16/2019,8:00:00 AM,48,CFTXN2C,TEST,STF,,DELTA FAUCET,CANCEL,PEND,JATINDRA DASH,EBRS,9/18/2019,8:00:00 AM,GR,
110472,9/16/2019,8:00:00 AM,48,CFTXN8C,TEST,STF,,DELTA FAUCET,CANCEL,PEND,JATINDRA DASH,,9/18/2019,8:00:00 AM,GR,ELM
110472,9/16/2019,8:00:00 AM,48,CFTXP7C,TEST,STF,,DELTA FAUCET,CANCEL,PEND,JATINDRA DASH,,9/18/2019,8:00:00 AM,GR,ELM
110472,9/16/2019,8:00:00 AM,48,CFTXN9C,TEST,STF,,DELTA FAUCET,CANCEL,PEND,JATINDRA DASH,,9/18/2019,8:00:00 AM,GR,ELM
110472,9/16/2019,8:00:00 AM,48,CFTXPCC,TEST,STF,,DELTA FAUCET,CANCEL,PEND,JATINDRA DASH,,9/18/2019,8:00:00 AM,GR,ELM
110472,9/22/2019,8:00:00 AM,24,CFTXPCC,SETUP,STF,,DELTA FAUCET C/S set-up,CANCEL,WIP,JATINDRA DASH,,9/23/2019,8:00:00 AM,GR,ELM
110472,9/23/2019,8:00:00 AM,48,CFTXPCC,TEST,STF,,DELTA FAUCET,CANCEL,WIP,JATINDRA DASH,,9/25/2019,8:00:00 AM,GR,ELM
110472,9/23/2019,8:00:00 AM,48,CFTXN9C,TEST,STF,,DELTA FAUCET,CANCEL,WIP,JATINDRA DASH,,9/25/2019,8:00:00 AM,GR,ELM
110472,9/23/2019,8:00:00 AM,48,CFTXN8C,TEST,STF,,DELTA FAUCET,CANCEL,WIP,JATINDRA DASH,,9/25/2019,8:00:00 AM,GR,ELM
110472,9/23/2019,8:00:00 AM,48,CFTXP7C,TEST,STF,,DELTA FAUCET,CANCEL,WIP,JATINDRA DASH,,9/25/2019,8:00:00 AM,GR,ELM
110472,9/23/2019,8:00:00 AM,48,CFTXN2C,TEST,STF,,DELTA FAUCET,CANCEL,WIP,JATINDRA DASH,EBRS,9/25/2019,8:00:00 AM,GR,
110472,11/4/2019,8:00:00 AM,24,CFTXPCC,SETUP,STF,,DELTA FAUCET C/S set-up,CANCEL,CONF,JATINDRA DASH,,11/5/2019,8:00:00 AM,GR,ELM
110472,11/5/2019,8:00:00 AM,48,CFTXN2C,TEST,STF,,DELTA FAUCET,CANCEL,CONF,JATINDRA DASH,EBRS,11/7/2019,8:00:00 AM,GR,
110472,11/5/2019,8:00:00 AM,48,CFTXPCC,TEST,STF,,DELTA FAUCET,CANCEL,CONF,JATINDRA DASH,,11/7/2019,8:00:00 AM,GR,ELM
110472,11/5/2019,8:00:00 AM,48,CFTXN9C,TEST,STF,,DELTA FAUCET,CANCEL,CONF,JATINDRA DASH,,11/7/2019,8:00:00 AM,GR,ELM
110472,11/5/2019,8:00:00 AM,48,CFTXN8C,TEST,STF,,DELTA FAUCET,CANCEL,CONF,JATINDRA DASH,,11/7/2019,8:00:00 AM,GR,ELM
110472,11/5/2019,8:00:00 AM,48,CFTXP7C,TEST,STF,,DELTA FAUCET,CANCEL,CONF,JATINDRA DASH,,11/7/2019,8:00:00 AM,GR,ELM
110476,10/15/2019,12:00:00 AM,72,CFTDB8S,TEST,BLD,,CALIFORNIA STEEL INDUSTRIES INC,ACTIVE,CONF,ASHOK P KRISHNA MURTHY,EBRS,10/18/2019,12:00:00 AM,GR,ASPEN
110476,10/15/2019,12:00:00 AM,72,CFTDB8S,TEST,BLD,,CALIFORNIA STEEL INDUSTRIES INC,CANCEL,CONF,ASHOK P KRISHNA MURTHY,,10/18/2019,12:00:00 AM,GR,ASPEN
110498,11/18/2019,8:00:00 AM,58,INTSTF01,MAINT,STF,,NIM Server to new SVC,ACTIVE,CONF,Kristy Varga,,11/20/2019,6:00:00 PM,,
110501,8/29/2019,9:00:00 AM,72,CFTZ50I,EOCPLAN,RTP,IRU,EOCPLAN MIAMI-DADE COUNTY,CANCEL,WIP,Kristy Varga,EBRS,9/1/2019,9:00:00 AM,,CAPE_FEAR
110503,8/29/2019,8:00:00 PM,72,CFTKN7N,EOCPLAN,RTP,,EOCPLAN THE BREAKERS PALM BEACH INC,ACTIVE,WIP,Kristy Varga,,9/1/2019,8:00:00 PM,,OCRACOKE_ISLAND
110503,8/29/2019,8:00:00 PM,72,CFTT72Q,EOCPLAN,RTP,,EOCPLAN THE BREAKERS PALM BEACH INC,ACTIVE,WIP,Kristy Varga,EBRS,9/1/2019,8:00:00 PM,,
110503,8/29/2019,8:00:00 PM,72,7J20516,EOCPLAN,RTP,,EOCPLAN THE BREAKERS PALM BEACH INC,ACTIVE,WIP,Kristy Varga,,9/1/2019,8:00:00 PM,,OCRACOKE_ISLAND
110504,8/30/2019,11:00:00 AM,72,CFTT1YQ,EOCPLAN,BLD,IRU,EOCPLAN NCCI HOLDINGS INC,CANCEL,WIP,Kristy Varga,EBRS,9/2/2019,11:00:00 AM,,ELDORA
110504,8/30/2019,11:00:00 AM,72,CFTT3AQ,EOCPLAN,BLD,,EOCPLAN NCCI HOLDINGS INC,CANCEL,WIP,Kristy Varga,,9/2/2019,11:00:00 AM,,
110514,9/18/2019,2:00:00 PM,4,CFTRT9M,NETTEST,STF,,MEDSTAR HEALTH INC,ACTIVE,CONF,Muralidhar R Reddy,EBRS,9/18/2019,6:00:00 PM,GR,
110516,3/10/2020,8:00:00 AM,60,CFTK6YK,TEST,STF,,IGA GENERAL LEDGER,ACTIVE,CONF,Daljeet Singh,XSITE,3/12/2020,8:00:00 PM,GR,BIRCH
110516,3/10/2020,8:00:00 AM,60,CFTYAMC,TEST,STF,,IGA GLOBAL IMAGE,ACTIVE,CONF,Daljeet Singh,,3/12/2020,8:00:00 PM,GR,BIRCH
110516,2/18/2020,8:00:00 AM,72,CFTK6YK,TEST,STF,,IGA GENERAL LEDGER,CANCEL,CONF,Daljeet Singh,XSITE EXP,2/21/2020,8:00:00 AM,GR,MAPLE
110516,2/18/2020,8:00:00 AM,72,CFTYAMC,TEST,STF,,IGA GLOBAL IMAGE,CANCEL,CONF,Daljeet Singh,EXP,2/21/2020,8:00:00 AM,GR,MAPLE
110525,11/17/2019,5:00:00 PM,48,CFTTNGQ,TEST,BLD,,CITY OF LONG BEACH,CANCEL,CONF,Bonda Madhusudana Rao,EBRS,11/19/2019,5:00:00 PM,GR,ASPEN
110529,11/23/2019,8:00:00 AM,8,CFT8ALK,TEST,STF,IRU,STATE BANK OF INDIA,ACTIVE,CONF,Daljeet Singh,EBRS,11/23/2019,4:00:00 PM,GR,ELM VENUS
110529,11/9/2019,8:00:00 AM,8,CFT8ALK,TEST,STF,IRU,STATE BANK OF INDIA,CANCEL,PEND,Daljeet Singh,EBRS,11/9/2019,4:00:00 PM,GR,ELM
110540,12/16/2019,9:00:00 AM,60,CFTC5NS,OTHERSVC,RTP,,TRUE VALUE COMPANY LLC,ACTIVE,CONF,ASHOK P KRISHNA MURTHY,,12/18/2019,9:00:00 PM,GR,
110540,12/4/2019,9:00:00 AM,60,CFTC5NS,OTHERSVC,RTP,,TRUE VALUE COMPANY LLC,CANCEL,CONF,ASHOK P KRISHNA MURTHY,,12/6/2019,9:00:00 PM,GR,
110547,11/4/2019,8:00:00 AM,20,CFTVVGF,TEST,DAL,BLD IRU,ENLINK MIDSTREAM LLC,ACTIVE,CONF,ASHOK P KRISHNA MURTHY,EBRS,11/5/2019,4:00:00 AM,GR,PECOS
110547,11/4/2019,8:00:00 AM,20,CFTVVHF,TEST,DAL,BLD IRU,ENLINK MIDSTREAM LLC,ACTIVE,CONF,ASHOK P KRISHNA MURTHY,EBRS,11/5/2019,4:00:00 AM,GR,
110570,11/14/2019,9:00:00 AM,183,CFTC5NS,OTHERSVC,RTP,,TRUE VALUE COMPANY LLC,ACTIVE,CONF,ASHOK P KRISHNA MURTHY,,11/22/2019,12:00:00 AM,GR,
110570,11/14/2019,9:00:00 AM,48,CFTC5NS,OTHERSVC,RTP,,TRUE VALUE COMPANY LLC,CANCEL,CONF,ASHOK P KRISHNA MURTHY,,11/16/2019,9:00:00 AM,GR,
110583,12/5/2019,9:00:00 AM,8,CFTD0KS,NETTEST,RTP,IRU,PEPSICO INC,ACTIVE,CONF,Ajas Abdulsalam,EBRS,12/5/2019,5:00:00 PM,GR,C137N KILL_DEVIL_HILLS
110587,3/11/2020,1:00:00 PM,4,CFTVMCL,NETTEST,STF,BLD IRU,IGA W ROCHESTER MN,CANCEL,CONF,Daljeet Singh,EXP EBRS,3/11/2020,5:00:00 PM,GR,
110595,2/24/2020,2:00:00 AM,32,CFTGFPL,SETUP,STF,,BEACON HEALTH OPTIONS INC Shark set-up,ACTIVE,CONF,MANIKANTAN NAMASIVAYAM VEERA,,2/25/2020,10:00:00 AM,GR,
110595,2/25/2020,2:00:00 AM,8,CFTGFPL,SETUP,STF,,BEACON HEALTH OPTIONS INC lpar set-up,ACTIVE,CONF,MANIKANTAN NAMASIVAYAM VEERA,,2/25/2020,10:00:00 AM,GR,PINE
110595,2/25/2020,8:00:00 AM,72,CFTRX2N,TEST,BLD,,BEACON HEALTH OPTIONS INC,ACTIVE,CONF,MANIKANTAN NAMASIVAYAM VEERA,,2/28/2020,8:00:00 AM,GR,VAIL
110595,2/25/2020,8:00:00 AM,72,CFT90JF,TEST,BLD,IRU STF,BEACON HEALTH OPTIONS INC,ACTIVE,CONF,MANIKANTAN NAMASIVAYAM VEERA,EBRS,2/28/2020,8:00:00 AM,GR,
110595,2/25/2020,10:00:00 AM,72,CFTGFPL,TEST,STF,,BEACON HEALTH OPTIONS INC,ACTIVE,CONF,MANIKANTAN NAMASIVAYAM VEERA,,2/28/2020,10:00:00 AM,GR,NECTARINE PINE
110595,2/28/2020,10:00:00 AM,8,CFTGFPL,SETUP,STF,,BEACON HEALTH OPTIONS INC lpar brk dwn,ACTIVE,CONF,MANIKANTAN NAMASIVAYAM VEERA,,2/28/2020,6:00:00 PM,GR,PINE
110595,2/28/2020,10:00:00 AM,24,CFTGFPL,SETUP,STF,,BEACON HEALTH OPTIONS INC Shark brk dwn,ACTIVE,CONF,MANIKANTAN NAMASIVAYAM VEERA,,2/29/2020,10:00:00 AM,GR,
110596,10/29/2019,9:00:00 AM,4,CFTVVGF,NETTEST,BLD,,ENLINK MIDSTREAM LLC,ACTIVE,CONF,ASHOK P KRISHNA MURTHY,XSITE EBRS,10/29/2019,1:00:00 PM,GR,
110596,10/29/2019,9:00:00 AM,4,CFTVVGF,NETTEST,DAL,BLD,ENLINK MIDSTREAM LLC,CANCEL,PEND,ASHOK P KRISHNA MURTHY,EBRS,10/29/2019,1:00:00 PM,GR,
110598,3/2/2020,2:00:00 PM,32,CFTKYGC,SETUP,STF,,PORT AUTHORITY OF NEW YORK AND NEW Blade,ACTIVE,CONF,JATINDRA DASH,,3/3/2020,10:00:00 PM,GR,BIRCH
110598,3/2/2020,2:00:00 PM,32,CFTKYDC,SETUP,STF,,PORT AUTHORITY OF NEW YORK AND NEW Shark,ACTIVE,CONF,JATINDRA DASH,,3/3/2020,10:00:00 PM,GR,
110598,3/3/2020,10:00:00 PM,42,CFTT1KD,TEST,STF,,PORT AUTHORITY OF NEW YORK AND NEW,ACTIVE,CONF,JATINDRA DASH,,3/5/2020,4:00:00 PM,GR,
110598,3/3/2020,10:00:00 PM,42,CFTKYNC,TEST,STF,,PORT AUTHORITY OF NEW YORK AND NEW,ACTIVE,CONF,JATINDRA DASH,EBRS,3/5/2020,4:00:00 PM,GR,
110598,3/3/2020,10:00:00 PM,42,CFTKYGC,TEST,STF,,PORT AUTHORITY OF NEW YORK AND NEW,ACTIVE,CONF,JATINDRA DASH,,3/5/2020,4:00:00 PM,GR,BIRCH
110598,3/3/2020,10:00:00 PM,42,CFTKYFC,TEST,STF,,PORT AUTHORITY OF NEW YORK AND NEW,ACTIVE,CONF,JATINDRA DASH,,3/5/2020,4:00:00 PM,GR,BIRCH CHESTNUT
110598,3/3/2020,10:00:00 PM,42,CFTKYDC,TEST,STF,,PORT AUTHORITY OF NEW YORK AND NEW,ACTIVE,CONF,JATINDRA DASH,,3/5/2020,4:00:00 PM,GR,D
110598,3/5/2020,4:00:00 PM,24,CFTKYDC,SETUP,STF,,PORT AUTHORITY OF NEW YORK AND NEW Shark,ACTIVE,CONF,JATINDRA DASH,,3/6/2020,4:00:00 PM,GR,
110629,2/24/2020,12:00:00 AM,8,CFTDFTS,SETUP,STF,,HONEYWELL INTERNATIONAL INC LPAR SET-UP,ACTIVE,CONF,Udaya Rajanna,,2/24/2020,8:00:00 AM,GR,MAPLE
110629,2/24/2020,8:00:00 AM,72,CFTDFTS,TEST,STF,,HONEYWELL INTERNATIONAL INC,ACTIVE,CONF,Udaya Rajanna,,2/27/2020,8:00:00 AM,GR,MAPLE
110629,2/27/2020,8:00:00 AM,8,CFTDFTS,SETUP,STF,,HONEYWELL INTERNATIONAL INC LPAR brk dwn,ACTIVE,CONF,Udaya Rajanna,,2/27/2020,4:00:00 PM,GR,MAPLE
110639,11/15/2019,7:00:00 AM,12,CFT2CNF,NETTEST,COL,,BMW FINANCIAL SERVICES NA LLC,ACTIVE,CONF,Udaya Rajanna,,11/15/2019,7:00:00 PM,GR,
110646,1/13/2020,7:00:00 AM,12,INTSTF01,SITEMNT,STF,,"UPS-5A Major, Annual STS PM's",ACTIVE,WIP,Kristy Varga,,1/13/2020,7:00:00 PM,,
110659,2/14/2020,8:00:00 AM,168,M31506,TEST,STF,,IGA SSI/STF MVS1,ACTIVE,CONF,Noor Mohammed,NATIV,2/21/2020,8:00:00 AM,GR,A
110659,2/13/2020,12:00:00 AM,32,M31506,SETUP,RTP,,IGA SSI/STF MVS1 Native set up,CANCEL,CONF,Noor Mohammed,XSITE NATIV EXP,2/14/2020,8:00:00 AM,GR,CHIMNEY_ROCK
110659,2/14/2020,8:00:00 AM,168,M31506,TEST,RTP,,IGA SSI/STF MVS1,CANCEL,CONF,Noor Mohammed,XSITE NATIV EXP,2/21/2020,8:00:00 AM,GR,CHIMNEY_ROCK
110663,11/15/2019,8:00:00 AM,4,CFT0T8R,OTHERSVC,BLD,,NATIONAL INDEMNITY CO,ACTIVE,CONF,MANIKANTAN NAMASIVAYAM VEERA,,11/15/2019,12:00:00 PM,GR,
110663,12/5/2019,8:00:00 AM,4,CFT690R,NETTEST,BLD,IRU,NATIONAL INDEMNITY CO,ACTIVE,CONF,MANIKANTAN NAMASIVAYAM VEERA,,12/5/2019,12:00:00 PM,GR,
110672,3/2/2020,8:00:00 AM,120,L31514,TEST,RTP,,IGA MF GLOBAL FINANCE,ACTIVE,CONF,Noor Mohammed,EXP,3/7/2020,8:00:00 AM,GR,CHIMNEY_ROCK
110692,11/20/2019,5:00:00 PM,"2,424",INTBLD01,MAINT,BLD,,VSR/UCS troubleshooting,ACTIVE,CONF,Kristy Varga,,2/29/2020,5:00:00 PM,,
110692,12/3/2019,8:00:00 AM,"2,424",INTBLD01,MAINT,BLD,,SUN T45-C repair,ACTIVE,CONF,Kristy Varga,,3/13/2020,9:00:00 AM,,
110692,12/3/2019,8:00:00 AM,"9,472",INTBLD01,MAINT,BLD,IRU,Maint events for vlan indexes,ACTIVE,CONF,Kristy Varga,,1/1/2021,12:00:00 AM,,
110722,2/3/2020,9:00:00 AM,12,CFTF0FK,NETTEST,STF,,FRIEDKIN COMPANIES INC,ACTIVE,CONF,JATINDRA DASH,EBRS,2/3/2020,9:00:00 PM,,C NECTARINE PINE
110722,2/3/2020,9:00:00 AM,6,CFTF0FK,NETTEST,STF,,FRIEDKIN COMPANIES INC,CANCEL,CONF,JATINDRA DASH,EBRS,2/3/2020,3:00:00 PM,,C NECTARINE PINE
110725,1/27/2020,6:00:00 AM,48,CFTCV8F,TEST,BLD,,CONSTELLATION BRANDS INC,ACTIVE,CONF,Bonda Madhusudana Rao,,1/29/2020,6:00:00 AM,GR,BEAVER_CREEK
110725,1/27/2020,6:00:00 AM,48,CFTC9VF,TEST,BLD,,CONSTELLATION BRANDS INC,ACTIVE,CONF,Bonda Madhusudana Rao,EBRS,1/29/2020,6:00:00 AM,GR,
110735,4/1/2020,8:00:00 AM,4,CFT1CQR,OTHERSVC,BLD,,STATE OF SOUTH DAKOTA,ACTIVE,CONF,Muralidhar R Reddy,,4/1/2020,12:00:00 PM,GR,
110735,4/1/2020,8:00:00 AM,4,3762Q,NETTEST,BLD,,STATE OF SOUTH DAKOTA,ACTIVE,CONF,Muralidhar R Reddy,EBRS,4/1/2020,12:00:00 PM,GR,BEAVER_CREEK
110754,4/9/2020,12:00:00 AM,32,CFTDFJS,SETUP,STF,,IGA WWD Shark set-up,CANCEL,CONF,Noor Mohammed,,4/10/2020,8:00:00 AM,GR,
110754,4/10/2020,8:00:00 AM,72,CFTDFJS,TEST,STF,,IGA WWD,CANCEL,CONF,Noor Mohammed,,4/13/2020,8:00:00 AM,GR,D
110754,4/10/2020,8:00:00 AM,72,CFT2J5M,TEST,STF,,IGA WWD,CANCEL,CONF,Noor Mohammed,EBRS,4/13/2020,8:00:00 AM,GR,NECTARINE
110754,4/13/2020,8:00:00 AM,24,CFTDFJS,SETUP,STF,,IGA WWD Shark brk dwn,CANCEL,CONF,Noor Mohammed,,4/14/2020,8:00:00 AM,GR,
110755,3/4/2020,8:00:00 AM,72,CFTMAXG,TEST,RTP,,IGA WWPA,ACTIVE,CONF,Noor Mohammed,,3/7/2020,8:00:00 AM,GR,CAPE_LOOKOUT
110755,3/4/2020,8:00:00 AM,72,CFTK6YK,TEST,RTP,,IGA GENERAL LEDGER,ACTIVE,CONF,Noor Mohammed,,3/7/2020,8:00:00 AM,GR,CAPE_LOOKOUT
110755,3/25/2020,8:00:00 AM,72,CFTMAXG,TEST,RTP,,IGA WWPA,CANCEL,CONF,Noor Mohammed,,3/28/2020,8:00:00 AM,GR,CAPE_LOOKOUT
110781,3/12/2020,12:00:00 PM,4,CFTZ15Q,QATEST,STF,,AMALGAMATED LIFE INSURANCE CO INC,CANCEL,CONF,Ajas Abdulsalam,EBRS,3/12/2020,4:00:00 PM,GR,IRONWOOD
110781,3/12/2020,12:00:00 PM,4,CFTZ14Q,QATEST,STF,IRU,AMALGAMATED LIFE INSURANCE CO INC,CANCEL,CONF,Ajas Abdulsalam,EBRS,3/12/2020,4:00:00 PM,GR,IRONWOOD
110789,2/11/2020,9:00:00 AM,168,CFTDXXS,BCS,BLD,,BCS Mohawk BCS,ACTIVE,CONF,Udaya Rajanna,EBRS,2/18/2020,9:00:00 AM,,VAIL
110789,3/17/2020,9:00:00 AM,168,BCS00001,BCS,BLD,,BCS Mohawk BCS -2,CANCEL,WIP,Udaya Rajanna,EBRS,3/24/2020,9:00:00 AM,,BRECKENRIDGE
110806,2/18/2020,9:00:00 AM,4,CFTVVGF,NETTEST,BLD,IRU,ENLINK MIDSTREAM LLC,ACTIVE,CONF,ASHOK P KRISHNA MURTHY,XSITE EBRS,2/18/2020,1:00:00 PM,GR,
110833,1/29/2020,12:00:00 AM,24,INTSTF01,MAINT,STF,,Hold for Jim M...,ACTIVE,CONF,Kristy Varga,,1/30/2020,12:00:00 AM,,
110882,4/15/2020,9:00:00 AM,72,CFTDF4S,RRESTOR,STF,,MILBERG FACTORS INC,CANCEL,PEND,Ajas Abdulsalam,,4/18/2020,9:00:00 AM,,
110894,3/5/2020,5:00:00 PM,357,CFTRXCF,RECOVERY,STF,IRU,PACIFIC INVESTMENT MANAGEMENT CO,ACTIVE,CONF,Ajas Abdulsalam,EBRS ACD,3/20/2020,3:00:00 PM,GR,BLRM BOWLINGALLEY
110894,3/5/2020,5:00:00 PM,357,CFTRXBF,RECOVERY,STF,,PACIFIC INVESTMENT MANAGEMENT CO,ACTIVE,CONF,Ajas Abdulsalam,EBRS,3/20/2020,3:00:00 PM,GR,
110896,3/6/2020,12:00:00 PM,"1,324",CFTBL6Q,RECOVERY,STF,IRU,BANCO ITAU EUROPA SA,ACTIVE,PEND,Bonda Madhusudana Rao,XSITE EBRS,4/30/2020,5:00:00 PM,,FIR JUNIPER
110901,3/28/2020,8:00:00 AM,8,CFT8ALK,TEST,STF,IRU,STATE BANK OF INDIA,CANCEL,PEND,Daljeet Singh,EBRS,3/28/2020,4:00:00 PM,,HEMLOCK
110904,4/9/2020,12:00:00 AM,32,M31506,SETUP,RTP,,IGA SSI/STF MVS1 Native set-up,CANCEL,PEND,Noor Mohammed,XSITE NATIV,4/10/2020,8:00:00 AM,,NAGS_HEAD
110904,4/10/2020,8:00:00 AM,168,M31506,TEST,RTP,,IGA SSI/STF MVS1,CANCEL,PEND,Noor Mohammed,XSITE NATIV,4/17/2020,8:00:00 AM,,NAGS_HEAD
110923,3/16/2020,10:00:00 AM,437,CFTR41P,RECOVERY,STF,IRU,KOREA DEV BANK NY,ACTIVE,CONF,Virupaksheswara Ramapragada,EBRS,4/3/2020,3:00:00 PM,GR,ELM
110929,3/16/2020,8:00:00 AM,431,CFTLQTQ,RECOVERY,STF,,BANGKOK BANK LTD,ACTIVE,CONF,Virupaksheswara Ramapragada,,4/3/2020,7:00:00 AM,GR,
110929,3/18/2020,8:00:00 AM,168,CFTLQTQ,RECOVERY,STF,,BANGKOK BANK LTD,CANCEL,PEND,Virupaksheswara Ramapragada,,3/25/2020,8:00:00 AM,GR,
110933,3/19/2020,12:00:00 PM,123,CFT8ALK,RECOVERY,STF,IRU,STATE BANK OF INDIA,ACTIVE,CONF,Daljeet Singh,EBRS,3/24/2020,3:00:00 PM,GR,VENUS
89073,2/16/2020,8:00:00 AM,72,BCS00002,BCS,STF,LAN,BCRS BCS INTERNAL,CANCEL,PEND,Kristy Varga,,2/19/2020,8:00:00 AM,,
